time (s),conv_coeff (W/m^2 * C),avg_temp (celsius)
10000,2,-62.8615
15997,2,-62.2655
21994,2,-61.6775
39984,2,-59.9435
57975,2,-58.269
75966,2,-56.668
129940,2,-52.477
221880,2,-46.656
313830,2,-41.8235
405780,2,-37.785
505780,2,-34.129
605780,2,-31.078
705780,2,-28.4115
805780,2,-26.0975
905780,2,-24.105
1005800,2,-22.3675
1105800,2,-20.776
1205800,2,-19.239
1305800,2,-17.8745
1405800,2,-16.646
1505800,2,-15.5365
1605800,2,-14.485
1705800,2,-13.4965
1805800,2,-12.5656
1905800,2,-11.68675
2005800,2,-10.85545
2105800,2,-10.14485
2205800,2,-9.36175
2305800,2,-8.7085
2405800,2,-7.9928
2505800,2,-7.3949
2605800,2,-6.811
2705800,2,-6.25495
2805800,2,-5.73215
2905800,2,-5.238065
3005800,2,-4.771185
3105800,2,-4.32701
3205800,2,-3.824895
3305800,2,-3.41575
3405800,2,-3.0659
3505800,2,-2.707
3605800,2,-2.35985
3705800,2,-2.0246
3805800,2,-1.69975
3905800,2,-1.38455
4005800,2,-1.07805
4105800,2,-0.7812
4205800,2,-0.4919
4305800,2,-0.2103
4405800,2,0.0645
4505800,2,0.3334
4605800,2,0.5942
4705800,2,0.85165
4805800,2,1.10215
4905800,2,1.27495
5005800,2,1.5547
5105800,2,1.80265
5205800,2,2.04705
5305800,2,2.2097
5405800,2,2.52355
5505800,2,2.67465
5605800,2,2.8518
5705800,2,3.1209
5805800,2,3.3882
5905800,2,3.5354
6005800,2,3.7068
6105800,2,3.88755
6205800,2,4.15565
6305800,2,4.3162
6405800,2,4.60816
6504900,2,4.75306
6604000,2,4.92004
6704000,2,5.2262905
6791200,2,5.352073
6878400,2,5.49881
6978400,2,5.742255
7078400,2,5.95704
7178400,2,6.100795
7278400,2,6.26271
7378400,2,6.43265
7478400,2,6.68565
7578400,2,6.8363
7678400,2,7.00205
7778400,2,7.25395
7878400,2,7.40325
7978400,2,7.5676
8078400,2,7.81795
8178400,2,7.96455
8278400,2,8.1237
8378400,2,8.359
8478400,2,8.4953
8578400,2,8.64155
8678400,2,8.8577
8778400,2,8.98335
8878400,2,9.12
8978400,2,9.26
9078400,2,9.401
9178400,2,9.54185
9278400,2,9.7474
9375900,2,9.86525
9473300,2,9.99215
9573300,2,10.18585
9673300,2,10.35275
9773300,2,10.46135
9873300,2,10.58205
9973300,2,10.70745
10073000,2,10.8352
10173000,2,10.9643
10273000,2,11.094
10373000,2,11.2246
10473000,2,11.417
10565000,2,11.52235
10656000,2,11.63585
10756000,2,11.75885
10856000,2,11.88435
10956000,2,12.01125
11056000,2,12.139
11156000,2,12.2673
11256000,2,12.3958
11356000,2,12.52435
11456000,2,12.6535
11556000,2,12.7822
11656000,2,12.91145
11756000,2,13.0402
11856000,2,13.1694
11956000,2,13.2981
12056000,2,13.42675
12156000,2,13.55565
12256000,2,13.68375
12356000,2,13.8118
12456000,2,13.9406
12556000,2,14.0685
12656000,2,14.1963
12756000,2,14.3239
12856000,2,14.4516
12956000,2,14.5791
13056000,2,14.70615
13156000,2,14.8335
13256000,2,14.96045
13356000,2,15.0872
13456000,2,15.214
13556000,2,15.34055
13656000,2,15.46725
13756000,2,15.593
13856000,2,15.72
13956000,2,15.8455
14056000,2,15.9695
14156000,2,16.0895
14256000,2,16.2035
14356000,2,16.311
14456000,2,16.4115
14556000,2,16.506
14656000,2,16.596
14756000,2,16.682
14856000,2,16.7645
14956000,2,16.8435
15056000,2,16.92
15156000,2,16.9945
15256000,2,17.0675
15356000,2,17.1375
15456000,2,17.2065
15556000,2,17.274
15656000,2,17.34
15756000,2,17.405
15856000,2,17.469
15956000,2,17.532
16056000,2,17.594
16156000,2,17.656
16256000,2,17.7165
16356000,2,17.7765
16456000,2,17.836
16556000,2,17.895
16656000,2,17.9535
16756000,2,18.0115
16856000,2,18.0695
16956000,2,18.127
17056000,2,18.184
17156000,2,18.2405
17256000,2,18.297
17356000,2,18.3535
17456000,2,18.4095
17556000,2,18.465
17656000,2,18.521
17756000,2,18.576
17856000,2,18.632
17956000,2,18.687
18056000,2,18.742
18156000,2,18.797
18256000,2,18.8515
18356000,2,18.9065
18456000,2,18.9615
18556000,2,19.016
18656000,2,19.071
18756000,2,19.125
18856000,2,19.1795
18956000,2,19.234
19056000,2,19.2885
19156000,2,19.343
19256000,2,19.3975
19356000,2,19.4515
19456000,2,19.506
19556000,2,19.56
19656000,2,19.6145
19756000,2,19.669
19856000,2,19.723
19956000,2,19.773
20056000,2,19.8175
20156000,2,19.8525
20256000,2,19.877
20356000,2,19.8945
20456000,2,19.9045
20556000,2,19.9095
20656000,2,19.9085
20756000,2,19.9025
20856000,2,19.8925
20956000,2,19.878
21056000,2,19.8595
21156000,2,19.838
21256000,2,19.8125
21356000,2,19.784
21456000,2,19.752
21556000,2,19.7175
21656000,2,19.683
21756000,2,19.648
21856000,2,19.6125
21956000,2,19.5765
22056000,2,19.54
22156000,2,19.502
22256000,2,19.463
22356000,2,19.4235
22456000,2,19.383
22556000,2,19.342
22656000,2,19.3
22756000,2,19.258
22856000,2,19.215
22956000,2,19.172
23056000,2,19.128
23156000,2,19.0835
23256000,2,19.0395
23356000,2,18.9945
23456000,2,18.9495
23556000,2,18.9035
23656000,2,18.858
23756000,2,18.8115
23856000,2,18.7655
23956000,2,18.719
24056000,2,18.6725
24156000,2,18.625
24256000,2,18.578
24356000,2,18.531
24456000,2,18.483
24556000,2,18.435
24656000,2,18.3875
24756000,2,18.339
24856000,2,18.291
24956000,2,18.2425
25056000,2,18.194
25156000,2,18.145
25256000,2,18.096
25356000,2,18.047
25456000,2,17.996
25556000,2,17.9385
25656000,2,17.8715
25756000,2,17.7935
25856000,2,17.705
25956000,2,17.607
26056000,2,17.501
26156000,2,17.3885
26256000,2,17.27
26356000,2,17.1465
26456000,2,17.019
26556000,2,16.8875
26656000,2,16.752
26756000,2,16.613
26856000,2,16.472
26956000,2,16.3275
27056000,2,16.1815
27156000,2,16.0325
27256000,2,15.882
27356000,2,15.7293
27456000,2,15.57475
27556000,2,15.419
27656000,2,15.26155
27756000,2,15.10245
27856000,2,14.9422
27956000,2,14.78035
28056000,2,14.61745
28156000,2,14.45305
28256000,2,14.2881
28356000,2,14.12165
28456000,2,13.9547
28556000,2,13.78585
28656000,2,13.617
28756000,2,13.4463
28856000,2,13.2756
28956000,2,13.10355
29056000,2,12.93105
29156000,2,12.7572
29256000,2,12.58245
29356000,2,12.40735
29456000,2,12.23135
29556000,2,12.05445
29656000,2,11.8767
29756000,2,11.6986
29856000,2,11.51965
29956000,2,11.33985
30056000,2,11.1592
30156000,2,10.9777
30256000,2,10.79585
30356000,2,10.61315
30456000,2,10.4296
30556000,2,10.1531
30647000,2,9.99535
30738000,2,9.72895
30829000,2,9.47685
30929000,2,9.20265
31029000,2,8.91895
31129000,2,8.6279
31229000,2,8.33135
31329000,2,8.0293
31429000,2,7.722
31529000,2,7.41015
31629000,2,7.09445
31729000,2,6.77495
31829000,2,6.451815
31929000,2,6.125155
32029000,2,5.7949825
32129000,2,5.46189
32229000,2,5.12595
32329000,2,4.78712
32429000,2,4.4456
32529000,2,4.1014
32629000,2,3.7544
32729000,2,3.40495
32829000,2,3.05295
32929000,2,2.6985
33029000,2,2.342
33129000,2,1.98275
33229000,2,1.62115
33329000,2,1.25765
33429000,2,0.89145
33529000,2,0.52335
33629000,2,0.153
33729000,2,-0.21965
33829000,2,-0.59455
33929000,2,-0.97155
34029000,2,-1.35075
34129000,2,-1.73215
34229000,2,-2.11565
34329000,2,-2.5014
34429000,2,-2.88925
34529000,2,-3.27925
34629000,2,-3.6715
34729000,2,-4.06585
34829000,2,-4.46245
34929000,2,-4.86079
35029000,2,-5.261945
35129000,2,-5.666535
35229000,2,-6.08582
35329000,2,-6.52138
35429000,2,-6.9793
35529000,2,-7.45575
35629000,2,-7.94695
35729000,2,-8.45185
35829000,2,-8.9675
35929000,2,-9.4939
36029000,2,-10.02835
36129000,2,-10.5714
36229000,2,-11.1225
36329000,2,-11.6802
36429000,2,-12.2452
36529000,2,-12.8167
36629000,2,-13.39455
36729000,2,-13.9782
36829000,2,-14.56795
36929000,2,-15.1633
37029000,2,-15.7642
37129000,2,-16.371
37229000,2,-16.983
37329000,2,-17.6685
37429000,2,-18.2605
37529000,2,-18.9695
37629000,2,-19.552
37729000,2,-20.2395
37829000,2,-20.9415
37929000,2,-21.53
38029000,2,-22.246
38129000,2,-22.846
38229000,2,-23.552
38329000,2,-24.1765
38429000,2,-24.8955
38529000,2,-25.5975
38629000,2,-26.231
38729000,2,-26.9625
38829000,2,-27.699
38929000,2,-28.425
39029000,2,-29.068
39129000,2,-29.818
39229000,2,-30.568
39329000,2,-31.292
39429000,2,-32.0165
39529000,2,-32.749
39629000,2,-33.356
39729000,2,-34.023
39829000,2,-34.6455
39929000,2,-35.1955
40029000,2,-35.7985
40129000,2,-36.374
40229000,2,-36.946
40329000,2,-37.5045
40429000,2,-38.003
40529000,2,-38.5685
40629000,2,-39.0605
40729000,2,-39.605
40829000,2,-40.099
40929000,2,-40.643
41029000,2,-41.1695
41129000,2,-41.6945
41229000,2,-42.215
41329000,2,-42.696
41429000,2,-43.2425
41529000,2,-43.722
41629000,2,-44.2675
41729000,2,-44.7995
41829000,2,-45.312
41929000,2,-45.7925
42029000,2,-46.2905
42129000,2,-46.8325
42229000,2,-47.3225
42329000,2,-47.829
42429000,2,-48.3935
42529000,2,-48.8835
42629000,2,-49.431
42729000,2,-49.929
42829000,2,-50.4435
42929000,2,-51.002
43029000,2,-51.556
43129000,2,-52.056
43229000,2,-52.5775
43329000,2,-53.1435
43429000,2,-53.703
43529000,2,-54.2485
43629000,2,-54.7525
43729000,2,-55.2055
43829000,2,-55.577
43929000,2,-55.9365
44029000,2,-56.256
44129000,2,-56.5185
44229000,2,-56.7125
44329000,2,-56.968
44429000,2,-57.138
44529000,2,-57.3705
44629000,2,-57.554
44729000,2,-57.6845
44829000,2,-57.8195
44929000,2,-57.9495
45029000,2,-58.072
45129000,2,-58.1865
45229000,2,-58.295
45329000,2,-58.3965
45429000,2,-58.4915
45529000,2,-58.6055
45629000,2,-58.6785
45729000,2,-58.7525
45829000,2,-58.8415
45929000,2,-58.9005
46029000,2,-58.9595
46129000,2,-59.016
46229000,2,-59.068
46329000,2,-59.1165
46429000,2,-59.162
46529000,2,-59.204
46629000,2,-59.2425
46729000,2,-59.279
46829000,2,-59.312
46929000,2,-59.3425
47029000,2,-59.371
47129000,2,-59.3965
47229000,2,-59.4205
47329000,2,-59.442
47429000,2,-59.4615
47529000,2,-59.48
47629000,2,-59.495
47729000,2,-59.492
47762000,2,-59.4885
47774000,2,-59.4865
47786000,2,-59.4835
47809000,2,-59.476
47855000,2,-59.456
47886000,2,-59.4375
47916000,2,-59.415
47964000,2,-59.367
48012000,2,-59.3235
48112000,2,-59.196
48212000,2,-59.081
48312000,2,-58.939
48412000,2,-58.777
48512000,2,-58.528
48612000,2,-58.2955
48712000,2,-58.07
48812000,2,-57.888
48912000,2,-57.6145
49012000,2,-57.352
49112000,2,-57.0655
49212000,2,-56.8025
49312000,2,-56.5275
49412000,2,-56.247
49512000,2,-55.9615
49612000,2,-55.672
49712000,2,-55.379
49812000,2,-55.0815
49912000,2,-54.7825
50012000,2,-54.4785
50112000,2,-54.1505
50212000,2,-53.836
50312000,2,-53.5375
50412000,2,-53.231
50512000,2,-52.9215
50612000,2,-52.6105
50712000,2,-52.2985
50812000,2,-51.985
50912000,2,-51.6715
51012000,2,-51.3565
51112000,2,-51.0415
51212000,2,-50.7265
51312000,2,-50.4115
51412000,2,-50.096
51512000,2,-49.7595
51612000,2,-49.436
51712000,2,-49.11
51812000,2,-48.8115
51912000,2,-48.4795
52012000,2,-48.175
52112000,2,-47.8415
52212000,2,-47.4375
52312000,2,-47.0185
52412000,2,-46.6195
52512000,2,-46.1855
52612000,2,-45.7315
52712000,2,-45.262
52812000,2,-44.729
52912000,2,-44.2235
53012000,2,-43.7075
53112000,2,-43.229
53212000,2,-42.6885
53312000,2,-42.156
53412000,2,-41.6235
53512000,2,-41.1335
53612000,2,-40.6225
53712000,2,-40.1055
53812000,2,-39.5845
53912000,2,-39.0625
54012000,2,-38.538
54112000,2,-38.0125
54212000,2,-37.428
54312000,2,-36.8705
54412000,2,-36.3795
54512000,2,-35.869
54612000,2,-35.2965
54712000,2,-34.805
54812000,2,-34.254
54912000,2,-33.719
55012000,2,-33.236
55112000,2,-32.736
55212000,2,-32.2345
55312000,2,-31.7325
55412000,2,-31.231
55512000,2,-30.685
55612000,2,-30.1455
55712000,2,-29.681
55812000,2,-29.137
55912000,2,-28.6785
56012000,2,-28.203
56112000,2,-27.6795
56212000,2,-27.221
56312000,2,-26.7505
56412000,2,-26.2765
56512000,2,-25.8035
56612000,2,-25.3325
56712000,2,-24.864
56812000,2,-24.3975
56912000,2,-23.9355
57012000,2,-23.434
57112000,2,-22.996
57212000,2,-22.506
57312000,2,-22.0795
57412000,2,-21.6425
57512000,2,-21.205
57612000,2,-20.7685
57712000,2,-20.3345
57812000,2,-19.9025
57912000,2,-19.472
58012000,2,-19.0015
58112000,2,-18.5945
58212000,2,-18.1775
58312000,2,-17.7615
58412000,2,-17.347
58512000,2,-16.9325
58612000,2,-16.521
58712000,2,-16.1125
58812000,2,-15.705
58912000,2,-15.3
59012000,2,-14.897
59112000,2,-14.4961
59212000,2,-14.08305
59312000,2,-13.62455
59412000,2,-13.09495
59512000,2,-12.5842
59612000,2,-12.1789
59712000,2,-11.7608
59812000,2,-11.34835
59912000,2,-10.9424
60012000,2,-10.5414
60112000,2,-10.1457
60212000,2,-9.7552
60312000,2,-9.36805
60412000,2,-8.98425
60512000,2,-8.605
60612000,2,-8.22755
60712000,2,-7.8537
60812000,2,-7.4828
60912000,2,-7.0707
61012000,2,-6.7239
61112000,2,-6.3673
61212000,2,-6.01025
61312000,2,-5.654665
61412000,2,-5.29983
61512000,2,-4.9476105
61612000,2,-4.555615
61712000,2,-4.22855
61812000,2,-3.9003
61912000,2,-3.5848
62012000,2,-3.28325
62112000,2,-2.99395
62212000,2,-2.71315
62312000,2,-2.44195
62412000,2,-2.1776
62512000,2,-1.919
62612000,2,-1.6673
62712000,2,-1.4196
62812000,2,-1.1751
62912000,2,-1.0072
63012000,2,-0.73435
63112000,2,-0.4569
63212000,2,-0.23615
63312000,2,-0.0079
63412000,2,0.2186
63512000,2,0.44205
63612000,2,0.59725
63712000,2,0.7728
63812000,2,1.0384
63912000,2,1.27225
64012000,2,1.4287
64112000,2,1.60465
64212000,2,1.9071
64311000,2,2.05435
64409000,2,2.29925
64508000,2,2.52295
64608000,2,2.74065
64708000,2,2.88765
64808000,2,3.05465
64908000,2,3.30755
65008000,2,3.4633
65108000,2,3.7106
65208000,2,3.8641
65308000,2,4.11055
65408000,2,4.26155
65508000,2,4.50559
65608000,2,4.656005
65708000,2,4.82284
65808000,2,5.075715
65908000,2,5.227428
66008000,2,5.395087
66108000,2,5.569495
66208000,2,5.827295
66308000,2,6.05074
66408000,2,6.19715
66508000,2,6.3605
66608000,2,6.6093
66708000,2,6.82535
66808000,2,6.96785
66908000,2,7.20105
67008000,2,7.40905
67108000,2,7.5485
67208000,2,7.7049
67308000,2,7.9419
67408000,2,8.08375
67508000,2,8.30745
67608000,2,8.50145
67708000,2,8.62525
67808000,2,8.82485
67908000,2,8.9443
68008000,2,9.1366
68108000,2,9.2524
68208000,2,9.3801
68308000,2,9.51245
68408000,2,9.64685
68508000,2,9.7815
68608000,2,9.9782
68706000,2,10.09415
68804000,2,10.2189
68904000,2,10.4085
69004000,2,10.52015
69104000,2,10.64235
69204000,2,10.7692
69304000,2,10.9576
69401000,2,11.0661
69498000,2,11.1839
69598000,2,11.30815
69698000,2,11.4349
69798000,2,11.5621
69898000,2,11.69025
69998000,2,11.81925
70098000,2,11.94845
70198000,2,12.1396
70286000,2,12.2402
70374000,2,12.34855
70474000,2,12.46895
70574000,2,12.59295
70674000,2,12.7178
70774000,2,12.8434
70874000,2,12.9697
70974000,2,13.09645
71074000,2,13.2237
71174000,2,13.3512
71274000,2,13.4783
71374000,2,13.60625
71474000,2,13.7334
71574000,2,13.86105
71674000,2,13.9885
71774000,2,14.11615
71874000,2,14.24355
71974000,2,14.37065
72074000,2,14.498
72174000,2,14.625
72274000,2,14.75175
72374000,2,14.87865
72474000,2,15.0053
72574000,2,15.13205
72674000,2,15.2586
72774000,2,15.38475
72874000,2,15.5112
72974000,2,15.637
73074000,2,15.7635
73174000,2,15.889
73274000,2,16.0115
73374000,2,16.13
73474000,2,16.242
73574000,2,16.346
73674000,2,16.445
73774000,2,16.538
73874000,2,16.626
73974000,2,16.711
74074000,2,16.792
74174000,2,16.8705
74274000,2,16.9465
74374000,2,17.0195
74474000,2,17.0915
74574000,2,17.1615
74674000,2,17.2295
74774000,2,17.2965
74874000,2,17.3625
74974000,2,17.427
75074000,2,17.4905
75174000,2,17.5535
75274000,2,17.6155
75374000,2,17.6765
75474000,2,17.737
75574000,2,17.797
75674000,2,17.856
75774000,2,17.915
75874000,2,17.9735
75974000,2,18.0315
76074000,2,18.0895
76174000,2,18.1465
76274000,2,18.203
76374000,2,18.26
76474000,2,18.316
76574000,2,18.3725
76674000,2,18.4285
76774000,2,18.484
76874000,2,18.5395
76974000,2,18.595
77074000,2,18.6505
77174000,2,18.7055
77274000,2,18.761
77374000,2,18.816
77474000,2,18.8705
77574000,2,18.925
77674000,2,18.9795
77774000,2,19.0345
77874000,2,19.089
77974000,2,19.144
78074000,2,19.198
78174000,2,19.2525
78274000,2,19.307
78374000,2,19.361
78474000,2,19.4155
78574000,2,19.47
78674000,2,19.5245
78774000,2,19.5785
78874000,2,19.633
78974000,2,19.6875
79074000,2,19.7405
79174000,2,19.7885
79274000,2,19.83
79374000,2,19.8615
79474000,2,19.8835
79574000,2,19.8985
79674000,2,19.906
79774000,2,19.909
79874000,2,19.906
79974000,2,19.899
80074000,2,19.887
80174000,2,19.8715
80274000,2,19.8515
80374000,2,19.8285
80474000,2,19.803
80574000,2,19.7725
80674000,2,19.7395
80774000,2,19.705
80874000,2,19.6705
80974000,2,19.636
81074000,2,19.6005
81174000,2,19.564
81274000,2,19.527
81374000,2,19.489
81474000,2,19.4495
81574000,2,19.4095
81674000,2,19.369
81774000,2,19.328
81874000,2,19.286
81974000,2,19.243
82074000,2,19.2005
82174000,2,19.157
82274000,2,19.1135
82374000,2,19.0685
82474000,2,19.024
82574000,2,18.979
82674000,2,18.9335
82774000,2,18.888
82874000,2,18.8425
82974000,2,18.7965
83074000,2,18.75
83174000,2,18.703
83274000,2,18.6565
83374000,2,18.6095
83474000,2,18.562
83574000,2,18.5145
83674000,2,18.467
83774000,2,18.419
83874000,2,18.371
83974000,2,18.3225
84074000,2,18.2745
84174000,2,18.2255
84274000,2,18.177
84374000,2,18.1285
84474000,2,18.0795
84574000,2,18.0305
84674000,2,17.977
84774000,2,17.918
84874000,2,17.847
84974000,2,17.7655
85074000,2,17.6735
85174000,2,17.573
85274000,2,17.464
85374000,2,17.3495
85474000,2,17.2295
85574000,2,17.1045
85674000,2,16.975
85774000,2,16.842
85874000,2,16.7055
85974000,2,16.566
86074000,2,16.4235
86174000,2,16.2785
86274000,2,16.131
86374000,2,15.982
86474000,2,15.831
86574000,2,15.67775
86674000,2,15.5225
86774000,2,15.36595
86874000,2,15.2078
86974000,2,15.04845
87074000,2,14.8875
87174000,2,14.7255
87274000,2,14.5619
87374000,2,14.3978
87474000,2,14.2322
87574000,2,14.06555
87674000,2,13.898
87774000,2,13.72945
87874000,2,13.55955
87974000,2,13.38915
88074000,2,13.2178
88174000,2,13.0456
88274000,2,12.8725
88374000,2,12.6985
88474000,2,12.52365
88574000,2,12.3484
88674000,2,12.17175
88774000,2,11.99475
88874000,2,11.8169
88974000,2,11.6382
89074000,2,11.4591
89174000,2,11.2787
89274000,2,11.0979
89374000,2,10.9168
89474000,2,10.7343
89574000,2,10.5515
89674000,2,10.36785
89774000,2,10.0871
89867000,2,9.9233
89959000,2,9.6451
90052000,2,9.3825
90152000,2,9.1017
90252000,2,8.81365
90352000,2,8.5186
90452000,2,8.2185
90552000,2,7.9136
90652000,2,7.60415
90752000,2,7.29035
90852000,2,6.9727
90952000,2,6.651445
91052000,2,6.32657
91152000,2,5.998205
91252000,2,5.66691
91352000,2,5.332705
91452000,2,4.99564
91552000,2,4.6554
91652000,2,4.3127
91752000,2,3.96725
91852000,2,3.6192
91952000,2,3.2687
92052000,2,2.9157
92152000,2,2.5603
92252000,2,2.20275
92352000,2,1.8426
92452000,2,1.4801
92552000,2,1.11565
92652000,2,0.74885
92752000,2,0.3797
92852000,2,0.00835
92952000,2,-0.36515
93052000,2,-0.7409
93152000,2,-1.1188
93252000,2,-1.4989
93352000,2,-1.88115
93452000,2,-2.26555
93552000,2,-2.65205
93652000,2,-3.0408
93752000,2,-3.4317
93852000,2,-3.82475
93952000,2,-4.2201
94052000,2,-4.6173
94152000,2,-5.016965
94252000,2,-5.418365
94352000,2,-5.828863
94452000,2,-6.25336
94552000,2,-6.697895
94652000,2,-7.16285
94752000,2,-7.64515
94852000,2,-8.14215
94952000,2,-8.6514
95052000,2,-9.17165
95152000,2,-9.70075
95252000,2,-10.2391
95352000,2,-10.78525
95452000,2,-11.3389
95552000,2,-11.89955
95652000,2,-12.46695
95752000,2,-13.0407
95852000,2,-13.62085
95952000,2,-14.20725
96052000,2,-14.7992
96152000,2,-15.3967
96252000,2,-16
96352000,2,-16.6085
96452000,2,-17.289
96552000,2,-17.9435
96652000,2,-18.53
96752000,2,-19.2095
96852000,2,-19.8695
96952000,2,-20.465
97052000,2,-21.0905
97152000,2,-21.728
97252000,2,-22.374
97352000,2,-23.028
97452000,2,-23.7565
97552000,2,-24.393
97652000,2,-25.123
97752000,2,-25.7675
97852000,2,-26.44
97952000,2,-27.192
98052000,2,-27.9455
98152000,2,-28.674
98252000,2,-29.4165
98352000,2,-30.1425
98452000,2,-30.7945
98552000,2,-31.5515
98652000,2,-32.28
98752000,2,-32.9785
98852000,2,-33.585
98952000,2,-34.2645
99052000,2,-34.873
99152000,2,-35.4585
99252000,2,-36.033
99352000,2,-36.5585
99452000,2,-37.091
99552000,2,-37.6215
99652000,2,-38.188
99752000,2,-38.752
99852000,2,-39.284
99952000,2,-39.776
100050000,2,-40.3185
100150000,2,-40.851
100250000,2,-41.336
100350000,2,-41.8365
100450000,2,-42.341
100550000,2,-42.884
100650000,2,-43.4155
100750000,2,-43.951
100850000,2,-44.464
100950000,2,-44.9825
101050000,2,-45.465
101150000,2,-46.003
101250000,2,-46.489
101350000,2,-46.993
101450000,2,-47.551
101550000,2,-48.076
101650000,2,-48.6115
101750000,2,-49.1375
101850000,2,-49.628
101950000,2,-50.1745
102050000,2,-50.711
102150000,2,-51.208
102250000,2,-51.7255
102350000,2,-52.296
102450000,2,-52.8365
102550000,2,-53.3905
102650000,2,-53.896
102750000,2,-54.436
102850000,2,-54.919
102950000,2,-55.3255
103050000,2,-55.714
103150000,2,-56.0385
103250000,2,-56.3535
103350000,2,-56.605
103450000,2,-56.8535
103550000,2,-57.0235
103650000,2,-57.2015
103750000,2,-57.373
103850000,2,-57.5835
103950000,2,-57.7145
104050000,2,-57.8495
104150000,2,-57.9795
104250000,2,-58.101
104350000,2,-58.216
104450000,2,-58.323
104550000,2,-58.423
104650000,2,-58.517
104750000,2,-58.6045
104850000,2,-58.6855
104950000,2,-58.762
105050000,2,-58.855
105150000,2,-58.912
105250000,2,-58.97
105350000,2,-59.0255
105450000,2,-59.0775
105550000,2,-59.126
105650000,2,-59.1705
105750000,2,-59.212
105850000,2,-59.2505
105950000,2,-59.286
106050000,2,-59.3185
106150000,2,-59.349
106250000,2,-59.3765
106350000,2,-59.402
106450000,2,-59.425
106550000,2,-59.4465
106650000,2,-59.4655
106750000,2,-59.483
106850000,2,-59.4915
106890000,2,-59.493
106900000,2,-59.493
106910000,2,-59.4925
106930000,2,-59.4905
106970000,2,-59.4815
106990000,2,-59.476
107000000,2,-59.472
107010000,2,-59.4675
107030000,2,-59.4575
107080000,2,-59.433
107120000,2,-59.3995
107180000,2,-59.329
107250000,2,-59.267
107350000,2,-59.157
107450000,2,-59.022
107550000,2,-58.8045
107650000,2,-58.6085
107750000,2,-58.4475
107850000,2,-58.185
107950000,2,-57.954
108050000,2,-57.692
108150000,2,-57.4475
108250000,2,-57.1905
108350000,2,-56.9065
108450000,2,-56.625
108550000,2,-56.359
108650000,2,-56.0805
108750000,2,-55.796
108850000,2,-55.507
108950000,2,-55.194
109050000,2,-54.8865
109150000,2,-54.578
109250000,2,-54.2875
109350000,2,-53.9875
109450000,2,-53.683
109550000,2,-53.3765
109650000,2,-53.0495
109750000,2,-52.7475
109850000,2,-52.438
109950000,2,-52.127
110050000,2,-51.815
110150000,2,-51.5015
110250000,2,-51.1665
110350000,2,-50.862
110450000,2,-50.5505
110550000,2,-50.2115
110650000,2,-49.909
110750000,2,-49.599
110850000,2,-49.2885
110950000,2,-48.977
111050000,2,-48.665
111150000,2,-48.3525
111250000,2,-48.024
111350000,2,-47.67
111450000,2,-47.242
111550000,2,-46.8495
111650000,2,-46.3865
111750000,2,-45.9175
111850000,2,-45.474
111950000,2,-44.966
112050000,2,-44.46
112150000,2,-43.989
112250000,2,-43.495
112350000,2,-42.9505
112450000,2,-42.417
112550000,2,-41.8885
112650000,2,-41.355
112750000,2,-40.821
112850000,2,-40.286
112950000,2,-39.753
113050000,2,-39.219
113150000,2,-38.671
113250000,2,-38.185
113350000,2,-37.6775
113450000,2,-37.1645
113550000,2,-36.6485
113650000,2,-36.0845
113750000,2,-35.5875
113850000,2,-35.03
113950000,2,-34.537
114050000,2,-34.0295
114150000,2,-33.5205
114250000,2,-33.011
114350000,2,-32.457
114450000,2,-31.9235
114550000,2,-31.4455
114650000,2,-30.907
114750000,2,-30.4315
114850000,2,-29.883
114950000,2,-29.4195
115050000,2,-28.939
115150000,2,-28.411
115250000,2,-27.947
115350000,2,-27.472
115450000,2,-26.9965
115550000,2,-26.5215
115650000,2,-26.044
115750000,2,-25.5695
115850000,2,-25.099
115950000,2,-24.631
116050000,2,-24.1655
116150000,2,-23.7035
116250000,2,-23.2015
116350000,2,-22.7655
116450000,2,-22.3205
116550000,2,-21.877
116650000,2,-21.4355
116750000,2,-20.995
116850000,2,-20.557
116950000,2,-20.1215
117050000,2,-19.69
117150000,2,-19.259
117250000,2,-18.8325
117350000,2,-18.407
117450000,2,-17.9845
117550000,2,-17.503
117650000,2,-17.1135
117750000,2,-16.6635
117850000,2,-16.2775
117950000,2,-15.878
118050000,2,-15.434
118150000,2,-15.012
118250000,2,-14.5787
118350000,2,-14.2191
118450000,2,-13.8012
118550000,2,-13.3328
118650000,2,-12.87105
118750000,2,-12.42355
118850000,2,-11.98955
118950000,2,-11.5176
119050000,2,-11.1254
119150000,2,-10.726
119250000,2,-10.33005
119350000,2,-9.9385
119450000,2,-9.54975
119550000,2,-9.16585
119650000,2,-8.7415
119750000,2,-8.3403
119850000,2,-7.9908
119950000,2,-7.62895
120050000,2,-7.2669
120150000,2,-6.9049
120250000,2,-6.54435
120350000,2,-6.1853
120450000,2,-5.827775
120550000,2,-5.472405
120650000,2,-5.1187
120750000,2,-4.76633
120850000,2,-4.417225
120950000,2,-4.077595
121050000,2,-3.7499
121150000,2,-3.43845
121250000,2,-3.1404
121350000,2,-2.8544
121450000,2,-2.57805
121550000,2,-2.3094
121650000,2,-2.04715
121750000,2,-1.79165
121850000,2,-1.61745
121950000,2,-1.3335
122050000,2,-1.15735
122150000,2,-0.87435
122250000,2,-0.6242
122350000,2,-0.382
122450000,2,-0.21615
122550000,2,0.05195
122650000,2,0.2181
122750000,2,0.4857
122850000,2,0.7247
122950000,2,0.9541
123050000,2,1.1106
123150000,2,1.40025
123250000,2,1.54815
123350000,2,1.7199
123450000,2,1.9827
123550000,2,2.1416
123650000,2,2.39725
123750000,2,2.6245
123850000,2,2.7763
123950000,2,3.0217
124050000,2,3.23155
124150000,2,3.3841
124250000,2,3.5532
124350000,2,3.72985
124450000,2,4.0279
124540000,2,4.1613
124620000,2,4.378845
124710000,2,4.51545
124810000,2,4.752385
124910000,2,4.899785
125010000,2,5.064265
125110000,2,5.2364325
125210000,2,5.492945
125310000,2,5.71495
125410000,2,5.86024
125510000,2,6.09795
125610000,2,6.244085
125710000,2,6.4809
125810000,2,6.62695
125910000,2,6.78805
126010000,2,7.0343
126110000,2,7.2478
126210000,2,7.38915
126310000,2,7.65225
126410000,2,7.77985
126500000,2,7.92625
126600000,2,8.1858
126690000,2,8.3485
126780000,2,8.46275
126880000,2,8.59765
126980000,2,8.73795
127080000,2,8.8801
127180000,2,9.02235
127280000,2,9.1646
127380000,2,9.30715
127480000,2,9.44925
127580000,2,9.59075
127680000,2,9.7316
127780000,2,9.8718
127880000,2,10.0118
127980000,2,10.15105
128080000,2,10.2901
128180000,2,10.42845
128280000,2,10.56605
128380000,2,10.70295
128480000,2,10.8396
128580000,2,10.97605
128680000,2,11.17425
128770000,2,11.2816
128860000,2,11.39645
128960000,2,11.52145
129060000,2,11.6494
129160000,2,11.7782
129260000,2,11.90735
129360000,2,12.03725
129460000,2,12.1673
129560000,2,12.29745
129660000,2,12.42715
129760000,2,12.55735
129860000,2,12.6875
129960000,2,12.81715
130060000,2,12.94675
130160000,2,13.0768
130260000,2,13.20625
130360000,2,13.33515
130460000,2,13.4645
130560000,2,13.59325
130660000,2,13.7219
130760000,2,13.85085
130860000,2,13.9794
130960000,2,14.1074
131060000,2,14.2356
131160000,2,14.36345
131260000,2,14.4912
131360000,2,14.6187
131460000,2,14.7458
131560000,2,14.87315
131660000,2,15.00015
131760000,2,15.1274
131860000,2,15.2542
131960000,2,15.3808
132060000,2,15.507
132160000,2,15.6335
132260000,2,15.7595
132360000,2,15.886
132460000,2,16.0085
132560000,2,16.1275
132660000,2,16.239
132760000,2,16.3435
132860000,2,16.442
132960000,2,16.5355
133060000,2,16.624
133160000,2,16.709
133260000,2,16.7905
133360000,2,16.8685
133460000,2,16.9445
133560000,2,17.018
133660000,2,17.09
133760000,2,17.1595
133860000,2,17.2285
133960000,2,17.295
134060000,2,17.3615
134160000,2,17.4255
134260000,2,17.4895
134360000,2,17.5525
134460000,2,17.6145
134560000,2,17.6755
134660000,2,17.736
134760000,2,17.796
134860000,2,17.855
134960000,2,17.914
135060000,2,17.9725
135160000,2,18.0305
135260000,2,18.0885
135360000,2,18.1455
135460000,2,18.202
135560000,2,18.259
135660000,2,18.3155
135760000,2,18.3715
135860000,2,18.4275
135960000,2,18.4835
136060000,2,18.539
136160000,2,18.5945
136260000,2,18.6495
136360000,2,18.705
136460000,2,18.76
136560000,2,18.815
136660000,2,18.8695
136760000,2,18.9245
136860000,2,18.9795
136960000,2,19.0335
137060000,2,19.088
137160000,2,19.143
137260000,2,19.1975
137360000,2,19.2515
137460000,2,19.306
137560000,2,19.3605
137660000,2,19.415
137760000,2,19.4695
137860000,2,19.5235
137960000,2,19.578
138060000,2,19.632
138160000,2,19.6865
138260000,2,19.7395
138360000,2,19.7875
138460000,2,19.8295
138560000,2,19.8615
138660000,2,19.8835
138760000,2,19.8985
138860000,2,19.906
138960000,2,19.909
139060000,2,19.9065
139160000,2,19.899
139260000,2,19.887
139360000,2,19.8715
139460000,2,19.852
139560000,2,19.829
139660000,2,19.803
139760000,2,19.773
139860000,2,19.74
139960000,2,19.706
140060000,2,19.6715
140160000,2,19.636
140260000,2,19.601
140360000,2,19.5645
140460000,2,19.5275
140560000,2,19.4895
140660000,2,19.4505
140760000,2,19.4105
140860000,2,19.3695
140960000,2,19.328
141060000,2,19.286
141160000,2,19.244
141260000,2,19.201
141360000,2,19.1575
141460000,2,19.1135
141560000,2,19.0695
141660000,2,19.025
141760000,2,18.98
141860000,2,18.9345
141960000,2,18.889
142060000,2,18.843
142160000,2,18.7965
142260000,2,18.75
142360000,2,18.704
142460000,2,18.657
142560000,2,18.61
142660000,2,18.5625
142760000,2,18.515
142860000,2,18.4675
142960000,2,18.4195
143060000,2,18.3715
143160000,2,18.3235
143260000,2,18.275
143360000,2,18.2265
143460000,2,18.178
143560000,2,18.1295
143660000,2,18.0805
143760000,2,18.031
143860000,2,17.978
143960000,2,17.9185
144060000,2,17.848
144160000,2,17.7665
144260000,2,17.6745
144360000,2,17.574
144460000,2,17.466
144560000,2,17.351
144660000,2,17.231
144760000,2,17.106
144860000,2,16.9765
144960000,2,16.8435
145060000,2,16.7075
145160000,2,16.568
145260000,2,16.4255
145360000,2,16.2805
145460000,2,16.133
145560000,2,15.984
145660000,2,15.833
145760000,2,15.6798
145860000,2,15.5245
145960000,2,15.368
146060000,2,15.20985
146160000,2,15.05055
146260000,2,14.8896
146360000,2,14.7276
146460000,2,14.5645
146560000,2,14.3999
146660000,2,14.2343
146760000,2,14.06765
146860000,2,13.90015
146960000,2,13.7316
147060000,2,13.5617
147160000,2,13.39125
147260000,2,13.21995
147360000,2,13.04775
147460000,2,12.87465
147560000,2,12.7007
147660000,2,12.5263
147760000,2,12.35055
147860000,2,12.1744
147960000,2,11.99695
148060000,2,11.8191
148160000,2,11.64085
148260000,2,11.4613
148360000,2,11.28135
148460000,2,11.1006
148560000,2,10.919
148660000,2,10.737
148760000,2,10.5537
148860000,2,10.37005
148960000,2,10.0899
149050000,2,9.9263
149140000,2,9.6483
149230000,2,9.3864
149330000,2,9.10575
149430000,2,8.81775
149530000,2,8.5233
149630000,2,8.22325
149730000,2,7.9184
149830000,2,7.60905
149930000,2,7.29525
150030000,2,6.97765
150130000,2,6.65641
150230000,2,6.331565
150330000,2,6.003225
150430000,2,5.671955
150530000,2,5.337775
150630000,2,5.00073
150730000,2,4.6605
150830000,2,4.31785
150930000,2,3.97255
151030000,2,3.62455
151130000,2,3.27405
151230000,2,2.9211
151330000,2,2.56575
151430000,2,2.2082
151530000,2,1.84815
151630000,2,1.4857
151730000,2,1.12125
151830000,2,0.75445
151930000,2,0.38535
152030000,2,0.01405
152130000,2,-0.35945
152230000,2,-0.73515
152330000,2,-1.113
152430000,2,-1.493
152530000,2,-1.87525
152630000,2,-2.25965
152730000,2,-2.64615
152830000,2,-3.03485
152930000,2,-3.4257
153030000,2,-3.8187
153130000,2,-4.21405
153230000,2,-4.61125
153330000,2,-5.010895
153430000,2,-5.412275
153530000,2,-5.8226595
153630000,2,-6.246795
153730000,2,-6.690495
153830000,2,-7.1558
153930000,2,-7.6379
154030000,2,-8.1343
154130000,2,-8.64345
154230000,2,-9.1636
154330000,2,-9.69265
154430000,2,-10.23095
154530000,2,-10.77655
154630000,2,-11.3306
154730000,2,-11.8912
154830000,2,-12.45855
154930000,2,-13.03225
155030000,2,-13.6119
155130000,2,-14.1982
155230000,2,-14.78965
155330000,2,-15.38755
155430000,2,-15.99
155530000,2,-16.599
155630000,2,-17.2795
155730000,2,-17.9335
155830000,2,-18.52
155930000,2,-19.1995
156030000,2,-19.796
156130000,2,-20.4845
156230000,2,-21.091
156330000,2,-21.791
156430000,2,-22.4915
156530000,2,-23.16
156630000,2,-23.7715
156730000,2,-24.4175
156830000,2,-25.0765
156930000,2,-25.8115
157030000,2,-26.548
157130000,2,-27.246
157230000,2,-27.892
157330000,2,-28.6355
157430000,2,-29.36
157530000,2,-30.1095
157630000,2,-30.7685
157730000,2,-31.531
157830000,2,-32.258
157930000,2,-32.902
158030000,2,-33.539
158130000,2,-34.1545
158230000,2,-34.8055
158330000,2,-35.407
158430000,2,-35.95
158530000,2,-36.498
158630000,2,-37.0405
158730000,2,-37.622
158830000,2,-38.192
158930000,2,-38.69
159030000,2,-39.244
159130000,2,-39.799
159230000,2,-40.2845
159330000,2,-40.787
159430000,2,-41.2935
159530000,2,-41.802
159630000,2,-42.3515
159730000,2,-42.8955
159830000,2,-43.414
159930000,2,-43.933
160030000,2,-44.4165
160130000,2,-44.9535
160230000,2,-45.44
160330000,2,-45.9425
160430000,2,-46.501
160530000,2,-47.022
160630000,2,-47.512
160730000,2,-48.018
160830000,2,-48.529
160930000,2,-49.0815
161030000,2,-49.5825
161130000,2,-50.0995
161230000,2,-50.62
161330000,2,-51.1445
161430000,2,-51.672
161530000,2,-52.2025
161630000,2,-52.7685
161730000,2,-53.2905
161830000,2,-53.8745
161930000,2,-54.409
162030000,2,-54.867
162130000,2,-55.2855
162230000,2,-55.6855
162330000,2,-56.0095
162430000,2,-56.309
162530000,2,-56.581
162630000,2,-56.7695
162730000,2,-56.9655
162830000,2,-57.1535
162930000,2,-57.331
163030000,2,-57.497
163130000,2,-57.6525
163230000,2,-57.7985
163330000,2,-57.9765
163430000,2,-58.128
163530000,2,-58.224
163630000,2,-58.326
163730000,2,-58.424
163830000,2,-58.5165
163930000,2,-58.6035
164030000,2,-58.684
164130000,2,-58.76
164230000,2,-58.8305
164330000,2,-58.8965
164430000,2,-58.9575
164530000,2,-59.0145
164630000,2,-59.068
164730000,2,-59.1165
164830000,2,-59.1625
164930000,2,-59.205
165030000,2,-59.2435
165130000,2,-59.28
165230000,2,-59.313
165330000,2,-59.3435
165430000,2,-59.3715
165530000,2,-59.3975
165630000,2,-59.421
165730000,2,-59.4425
165830000,2,-59.462
165930000,2,-59.48
166030000,2,-59.489
166070000,2,-59.4905
166080000,2,-59.4905
166090000,2,-59.49
166110000,2,-59.489
166160000,2,-59.48
166170000,2,-59.4745
166180000,2,-59.47
166190000,2,-59.466
166210000,2,-59.4565
166260000,2,-59.433
166300000,2,-59.4015
166360000,2,-59.3495
166450000,2,-59.2595
166540000,2,-59.1155
166630000,2,-58.963
166730000,2,-58.8255
166830000,2,-58.661
166930000,2,-58.4235
167030000,2,-58.1745
167130000,2,-57.9445
167230000,2,-57.683
167330000,2,-57.4395
167430000,2,-57.182
167530000,2,-56.9165
167630000,2,-56.625
167730000,2,-56.3315
167830000,2,-56.064
167930000,2,-55.782
168030000,2,-55.493
168130000,2,-55.201
168230000,2,-54.9045
168330000,2,-54.6035
168430000,2,-54.274
168530000,2,-53.9815
168630000,2,-53.657
168730000,2,-53.3405
168830000,2,-53.0425
168930000,2,-52.7365
169030000,2,-52.4265
169130000,2,-52.116
169230000,2,-51.8035
169330000,2,-51.4905
169430000,2,-51.177
169530000,2,-50.8625
169630000,2,-50.5245
169730000,2,-50.2225
169830000,2,-49.911
169930000,2,-49.598
170030000,2,-49.2855
170130000,2,-48.9725
170230000,2,-48.66
170330000,2,-48.346
170430000,2,-48.016
170530000,2,-47.6605
170630000,2,-47.274
170730000,2,-46.861
170830000,2,-46.426
170930000,2,-45.9725
171030000,2,-45.504
171130000,2,-45.023
171230000,2,-44.493
171330000,2,-44.0115
171430000,2,-43.5115
171530000,2,-43.0025
171630000,2,-42.4885
171730000,2,-41.928
171830000,2,-41.4245
171930000,2,-40.8615
172030000,2,-40.3595
172130000,2,-39.8405
172230000,2,-39.317
172330000,2,-38.7325
172430000,2,-38.232
172530000,2,-37.6725
172630000,2,-37.1745
172730000,2,-36.597
172830000,2,-36.0455
172930000,2,-35.558
173030000,2,-35.052
173130000,2,-34.541
173230000,2,-34.03
173330000,2,-33.5175
173430000,2,-32.9605
173530000,2,-32.471
173630000,2,-31.969
173730000,2,-31.421
173830000,2,-30.9395
173930000,2,-30.445
174030000,2,-29.9515
174130000,2,-29.4565
174230000,2,-28.965
174330000,2,-28.4105
174430000,2,-27.9495
174530000,2,-27.4725
174630000,2,-26.9945
174730000,2,-26.5175
174830000,2,-26.0395
174930000,2,-25.5645
175030000,2,-25.092
175130000,2,-24.623
175230000,2,-24.1565
175330000,2,-23.695
175430000,2,-23.2365
175530000,2,-22.781
175630000,2,-22.3295
175730000,2,-21.835
175830000,2,-21.41
175930000,2,-20.9315
176030000,2,-20.515
176130000,2,-20.087
176230000,2,-19.6595
176330000,2,-19.191
176430000,2,-18.784
176530000,2,-18.3675
176630000,2,-17.9505
176730000,2,-17.535
176830000,2,-17.1215
176930000,2,-16.7085
177030000,2,-16.2365
177130000,2,-15.856
177230000,2,-15.4585
177330000,2,-15.061
177430000,2,-14.6627
177490000,2,-14.40685
177550000,2,-14.16125
