time (s),heat generation (w/m^3)
0,105.77102
173369.1002,106.822672
347287.7242,107.874324
521754.8889,108.926068
696769.4083,109.97772
872329.8916,111.029372
1048434.741,112.081024
1225082.148,113.132768
1402270.097,114.18442
1579996.354,115.236072
1758258.476,116.287816
1937053.801,117.339468
2116379.45,118.391212
2296232.326,119.442864
2476609.11,120.494516
2657506.264,121.332084
2838920.028,121.955568
3020846.417,122.57896
3203281.225,123.202444
3386220.021,123.825928
3569658.15,124.449412
3753590.732,125.072804
3938012.662,125.696288
4122918.613,126.319772
4308303.032,126.943256
4494160.142,127.566648
4680483.945,128.190132
4867268.219,128.813616
5054506.522,129.437008
5242192.191,130.060492
5430318.346,130.683976
5618877.89,131.307368
5807863.508,131.930852
5997267.675,132.554336
6187082.654,133.17782
6377300.498,133.801304
6567913.055,134.424696
6758911.969,135.04818
6950288.683,135.671664
7142034.443,136.295148
7334140.301,136.91854
7526597.116,137.542024
7719395.562,138.165508
7912526.131,138.7889
8105979.132,139.412384
8299744.703,139.977264
8493812.808,140.48354
8688173.248,140.989908
8882815.661,141.496184
9077729.529,142.00246
9272904.183,142.508736
9468328.809,143.015104
9663992.452,143.52138
9859884.023,144.027656
10055992.3,144.533932
10252305.95,145.0403
10448813.5,145.546576
10645503.39,146.052852
10842363.95,146.559128
11039383.39,147.065496
11236549.87,147.571772
11433851.42,148.078048
11631276.01,148.584324
11828811.56,149.090692
12026445.9,149.596968
12224166.8,150.103244
12421961.99,150.60952
12619819.16,151.115888
12817725.95,151.622164
13015669.99,152.12844
13213638.87,152.634716
13411620.18,153.141084
13609601.48,153.64736
13807570.36,154.153636
14005514.4,154.660004
14203421.19,155.019356
14401278.36,155.231692
14599073.55,155.44412
14796794.45,155.656548
14994428.79,155.868884
15191964.34,156.081312
15389388.93,156.29374
15586690.48,156.506076
15783856.96,156.718504
15980876.4,156.930932
16177736.96,157.143268
16374426.85,157.355696
16570934.4,157.568124
16767248.05,157.780552
16963356.33,157.992888
17159247.9,158.205316
17354911.54,158.417744
17550336.17,158.630172
17745510.82,158.842508
17940424.69,159.054936
18135067.1,159.267364
18329427.54,159.4797
18523495.65,159.692128
18717261.22,159.904464
18910714.22,160.116892
19103844.79,160.32932
19296643.23,160.541748
19489100.05,160.754084
19681205.91,160.966512
19872951.67,161.17894
20064328.38,161.191912
20255327.29,161.005336
20445939.85,160.818852
20636157.7,160.632276
20825972.67,160.445792
21015376.84,160.259216
21204362.46,160.072732
21392922,159.886248
21581048.16,159.699672
21768733.83,159.513188
21955972.13,159.326612
22142756.41,159.140128
22329080.21,158.953552
22514937.32,158.767068
22700321.74,158.580492
22885227.69,158.394008
23069649.62,158.207524
23253582.2,158.020948
23437020.33,157.834372
23619959.13,157.647888
23802393.93,157.461404
23984320.32,157.274828
24165734.09,157.088344
24346631.24,156.90186
24527008.02,156.715284
24706860.9,156.5288
24886186.55,156.342224
25064981.87,156.15574
25243244,155.969256
25420970.25,155.78268
25598158.2,155.408608
25774805.61,154.84704
25950910.46,154.285472
26126470.94,153.723904
26301485.46,153.162244
26475952.63,152.600676
26649871.25,152.039108
26823240.35,151.47754
26996059.14,150.91588
27168327.05,150.354312
27340043.67,149.792744
27511208.82,149.231084
27681822.5,148.669608
27851884.87,148.107948
28021396.33,147.54638
28190357.41,146.984812
28358768.85,146.423244
28526631.56,145.861584
28693946.63,145.300016
28860715.31,144.738448
29026939.02,144.176788
29192619.35,143.61522
29357758.06,143.053652
29522357.06,142.491992
29686418.42,141.930424
29849944.36,141.368856
30012937.26,140.807288
30175399.63,140.24572
30337334.14,139.684152
30498743.61,139.122492
30659630.97,138.371588
30819999.31,137.431256
30979851.85,136.490924
31139191.92,135.550592
31298023,134.61026
31456348.69,133.669928
31614172.7,132.729596
31771498.86,131.789356
31928331.12,130.849024
32084673.54,129.908692
32240530.29,128.96836
32395905.66,128.028028
32550804.01,127.087696
32705229.82,126.147364
32859187.69,125.207032
33012682.28,124.2667
33165718.35,123.32646
33318300.77,122.386128
33470434.49,121.445796
33622124.53,120.505464
33773376,119.565132
33924194.1,118.6248
34074584.11,117.684468
34224551.36,116.744136
34374101.28,115.803896
34523239.35,114.863564
34671971.15,113.923232
34820302.28,112.9829
34968238.45,112.042568
35115785.41,111.102236
35262948.96,109.884708
35409734.98,108.390076
35556149.4,106.895352
35702198.2,105.400628
35847887.4,103.905904
35993223.1,102.41118
36138211.42,100.916456
36282858.55,99.421824
36427170.72,97.9271
36571154.18,96.432376
36714815.25,94.937652
36858160.28,93.442928
37001195.66,91.948204
37143927.83,90.453572
37286363.23,88.958848
37428508.37,87.464124
37570369.78,85.9694
37711954.02,84.474676
37853267.69,82.979952
37994317.41,81.485228
38135109.83,79.990596
38275651.62,78.495872
38415949.49,77.001148
38556010.17,75.506424
38695840.4,74.0117
38835446.97,72.516976
38974836.66,71.022344
39114016.29,69.52762
39252992.7,68.032896
39391772.74,66.538172
39530363.28,65.333248
39668771.21,64.418216
39807003.43,63.503184
39945066.86,62.588152
40082968.44,61.67312
40220715.1,60.757996
40358313.82,59.842964
40495771.55,58.927932
40633095.29,58.0129
40770292.03,57.097868
40907368.76,56.182744
41044332.51,55.267712
41181190.29,54.35268
41317949.13,53.437648
41454616.07,52.522524
41591198.16,51.607492
41727702.44,50.69246
41864135.97,49.777428
42000505.8,48.862304
42136819.01,47.947272
42273082.67,47.03224
42409303.84,46.117208
42545489.6,45.202176
42681647.03,44.287052
42817783.22,43.37202
42953905.24,42.456988
43090020.18,41.541956
43226135.11,40.626832
43362257.13,39.7118
43498393.32,38.796768
43634550.75,38.35802
43770736.51,38.395464
43906957.68,38.432908
44043221.34,38.470352
44179534.55,38.507796
44315904.38,38.54524
44452337.91,38.582684
44588842.19,38.620128
44725424.28,38.657572
44862091.22,38.695016
44998850.06,38.73246
45135707.84,38.769904
45272671.59,38.807348
45409748.33,38.844792
45546945.06,38.882236
45684268.8,38.91968
45821726.53,38.957124
45959325.25,38.994568
46097071.91,39.032104
46234973.49,39.069548
46373036.92,39.106992
46511269.14,39.144436
46649677.07,39.18188
46788267.61,39.219324
46927047.65,39.256768
47066024.06,39.294212
47205203.69,39.331656
47344593.38,39.3691
47484199.95,39.406544
47624030.18,39.443988
47764090.86,39.748968
47904388.73,40.321392
48044930.52,40.893816
48185722.94,41.466332
48326772.66,42.038756
48468086.33,42.61118
48609670.57,43.183604
48751531.98,43.75612
48893677.12,44.328544
49036112.53,44.900968
49178844.69,45.473392
49321880.07,46.045908
49465225.1,46.618332
49608886.17,47.190756
49752869.63,47.76318
49897181.8,48.335696
50041828.93,48.90812
50186817.25,49.480544
50332152.95,50.052968
50477842.15,50.625484
50623890.95,51.197908
50770305.37,51.770332
50917091.39,52.342756
51064254.94,52.915272
51211801.9,53.487696
51359738.07,54.06012
51508069.2,54.632544
51656801,55.20506
51805939.07,55.777484
51955488.99,56.349908
52105456.24,57.183336
52255846.25,58.27786
52406664.35,59.372292
52557915.82,60.466724
52709605.86,61.561248
52861739.58,62.65568
53014322,63.750112
53167358.07,64.844636
53320852.66,65.939068
53474810.53,67.0335
53629236.35,68.127932
53784134.69,69.222456
53939510.06,70.316888
54095366.81,71.41132
54251709.23,72.505844
54408541.49,73.600276
54565867.65,74.694708
54723691.66,75.789232
54882017.35,76.883664
55040848.43,77.978096
55200188.5,79.072528
55360041.04,80.167052
55520409.38,81.261484
55681296.74,82.355916
55842706.21,83.45044
56004640.72,84.544872
56167103.09,85.639304
56330095.99,86.733828
56493621.93,87.82826
56657683.29,88.922692
56822282.29,89.99578
56987421,91.047432
57153101.33,92.099176
57319325.04,93.150828
57486093.72,94.20248
57653408.79,95.254224
57821271.5,96.305876
57989682.94,97.357528
58158644.02,98.409272
58328155.48,99.460924
58498217.85,100.512576
58668831.53,101.564228
58839996.68,102.615972
59011713.3,103.667624
59183981.21,104.719276
59357350.31,106.822672
59531268.93,107.874324
59705736.09,108.926068
59880750.61,109.97772
60056311.1,111.029372
60232415.95,112.081024
60409063.35,113.132768
60586251.3,114.18442
60763977.56,115.236072
60942239.68,116.287816
61121035.01,117.339468
61300360.66,118.391212
61480213.53,119.442864
61660590.32,120.494516
61841487.47,121.332084
62022901.23,121.955568
62204827.62,122.57896
62387262.43,123.202444
62570201.23,123.825928
62753639.36,124.449412
62937571.94,125.072804
63121993.87,125.696288
63306899.82,126.319772
63492284.24,126.943256
63678141.35,127.566648
63864465.15,128.190132
64051249.43,128.813616
64238487.73,129.437008
64426173.4,130.060492
64614299.55,130.683976
64802859.1,131.307368
64991844.71,131.930852
65181248.88,132.554336
65371063.86,133.17782
65561281.7,133.801304
65751894.26,134.424696
65942893.18,135.04818
66134269.89,135.671664
66326015.65,136.295148
66518121.51,136.91854
66710578.32,137.542024
66903376.77,138.165508
67096507.34,138.7889
67289960.34,139.412384
67483725.91,139.977264
67677794.01,140.48354
67872154.45,140.989908
68066796.87,141.496184
68261710.73,142.00246
68456885.39,142.508736
68652310.02,143.015104
68847973.66,143.52138
69043865.23,144.027656
69239973.51,144.533932
69436287.15,145.0403
69632794.71,145.546576
69829484.6,146.052852
70026345.15,146.559128
70223364.6,147.065496
70420531.07,147.571772
70617832.62,148.078048
70815257.22,148.584324
71012792.77,149.090692
71210427.1,149.596968
71408148,150.103244
71605943.19,150.60952
71803800.36,151.115888
72001707.16,151.622164
72199651.2,152.12844
72397620.08,152.634716
72595601.38,153.141084
72793582.69,153.64736
72991551.57,154.153636
73189495.61,154.660004
73387402.4,155.019356
73585259.57,155.231692
73783054.76,155.44412
73980775.66,155.656548
74178409.99,155.868884
74375945.54,156.081312
74573370.14,156.29374
74770671.69,156.506076
74967838.16,156.718504
75164857.61,156.930932
75361718.16,157.143268
75558408.05,157.355696
75754915.61,157.568124
75951229.25,157.780552
76147337.53,157.992888
76343229.1,158.205316
76538892.75,158.417744
76734317.37,158.630172
76929492.03,158.842508
77124405.9,159.054936
77319048.31,159.267364
77513408.75,159.4797
77707476.85,159.692128
77901242.42,159.904464
78094695.43,160.116892
78287825.99,160.32932
78480624.44,160.541748
78673081.26,160.754084
78865187.11,160.966512
79056932.87,161.17894
79248309.59,161.191912
79439308.5,161.005336
79629921.06,160.818852
79820138.9,160.632276
80009953.88,160.445792
80199358.05,160.259216
80388343.67,160.072732
80576903.21,159.886248
80765029.37,159.699672
80952715.03,159.513188
81139953.34,159.326612
81326737.61,159.140128
81513061.41,158.953552
81698918.52,158.767068
81884302.94,158.580492
82069208.89,158.394008
82253630.82,158.207524
82437563.41,158.020948
82621001.54,157.834372
82803940.33,157.647888
82986375.14,157.461404
83168301.53,157.274828
83349715.29,157.088344
83530612.45,156.90186
83710989.23,156.715284
83890842.11,156.5288
84070167.75,156.342224
84248963.08,156.15574
84427225.2,155.969256
84604951.46,155.78268
84782139.41,155.408608
84958786.82,154.84704
85134891.66,154.285472
85310452.15,153.723904
85485466.67,153.162244
85659933.83,152.600676
85833852.46,152.039108
86007221.56,151.47754
86180040.35,150.91588
86352308.25,150.354312
86524024.88,149.792744
86695190.03,149.231084
86865803.7,148.669608
87035866.08,148.107948
87205377.53,147.54638
87374338.62,146.984812
87542750.06,146.423244
87710612.77,145.861584
87877927.84,145.300016
88044696.51,144.738448
88210920.22,144.176788
88376600.56,143.61522
88541739.27,143.053652
88706338.27,142.491992
88870399.63,141.930424
89033925.57,141.368856
89196918.46,140.807288
89359380.83,140.24572
89521315.35,139.684152
89682724.82,139.122492
89843612.18,138.371588
90003980.52,137.431256
90163833.05,136.490924
90323173.13,135.550592
90482004.21,134.61026
90640329.9,133.669928
90798153.9,132.729596
90955480.06,131.789356
91112312.32,130.849024
91268654.75,129.908692
91424511.5,128.96836
91579886.86,128.028028
91734785.21,127.087696
91889211.03,126.147364
92043168.89,125.207032
92196663.48,124.2667
92349699.56,123.32646
92502281.98,122.386128
92654415.7,121.445796
92806105.73,120.505464
92957357.21,119.565132
93108175.31,118.6248
93258565.31,117.684468
93408532.56,116.744136
93558082.48,115.803896
93707220.56,114.863564
93855952.35,113.923232
94004283.49,112.9829
94152219.66,112.042568
94299766.61,111.102236
94446930.17,109.884708
94593716.19,108.390076
94740130.61,106.895352
94886179.4,105.400628
95031868.61,103.905904
95177204.3,102.41118
95322192.63,100.916456
95466839.76,99.421824
95611151.92,97.9271
95755135.38,96.432376
95898796.45,94.937652
96042141.49,93.442928
96185176.87,91.948204
96327909.03,90.453572
96470344.43,88.958848
96612489.58,87.464124
96754350.99,85.9694
96895935.23,84.474676
97037248.9,82.979952
97178298.62,81.485228
97319091.03,79.990596
97459632.82,78.495872
97599930.7,77.001148
97739991.37,75.506424
97879821.61,74.0117
98019428.17,72.516976
98158817.87,71.022344
98297997.5,69.52762
98436973.91,68.032896
98575753.95,66.538172
98714344.49,65.333248
98852752.42,64.418216
98990984.64,63.503184
99129048.07,62.588152
99266949.64,61.67312
99404696.31,60.757996
99542295.02,59.842964
99679752.76,58.927932
99817076.5,58.0129
99954273.23,57.097868
100091350,56.182744
100228313.7,55.267712
100365171.5,54.35268
100501930.3,53.437648
100638597.3,52.522524
100775179.4,51.607492
100911683.6,50.69246
101048117.2,49.777428
101184487,48.862304
101320800.2,47.947272
101457063.9,47.03224
101593285,46.117208
101729470.8,45.202176
101865628.2,44.287052
102001764.4,43.37202
102137886.4,42.456988
102274001.4,41.541956
102410116.3,40.626832
102546238.3,39.7118
102682374.5,38.796768
102818532,38.35802
102954717.7,38.395464
103090938.9,38.432908
103227202.5,38.470352
103363515.8,38.507796
103499885.6,38.54524
103636319.1,38.582684
103772823.4,38.620128
103909405.5,38.657572
104046072.4,38.695016
104182831.3,38.73246
104319689,38.769904
104456652.8,38.807348
104593729.5,38.844792
104730926.3,38.882236
104868250,38.91968
105005707.7,38.957124
105143306.5,38.994568
105281053.1,39.032104
105418954.7,39.069548
105557018.1,39.106992
105695250.3,39.144436
105833658.3,39.18188
105972248.8,39.219324
106111028.9,39.256768
106250005.3,39.294212
106389184.9,39.331656
106528574.6,39.3691
106668181.2,39.406544
106808011.4,39.443988
106948072.1,39.748968
107088369.9,40.321392
107228911.7,40.893816
107369704.1,41.466332
107510753.9,42.038756
107652067.5,42.61118
107793651.8,43.183604
107935513.2,43.75612
108077658.3,44.328544
108220093.7,44.900968
108362825.9,45.473392
108505861.3,46.045908
108649206.3,46.618332
108792867.4,47.190756
108936850.8,47.76318
109081163,48.335696
109225810.1,48.90812
109370798.5,49.480544
109516134.2,50.052968
109661823.4,50.625484
109807872.2,51.197908
109954286.6,51.770332
110101072.6,52.342756
110248236.1,52.915272
110395783.1,53.487696
110543719.3,54.06012
110692050.4,54.632544
110840782.2,55.20506
110989920.3,55.777484
111139470.2,56.349908
111289437.4,57.183336
111439827.5,58.27786
111590645.6,59.372292
111741897,60.466724
111893587.1,61.561248
112045720.8,62.65568
112198303.2,63.750112
112351339.3,64.844636
112504833.9,65.939068
112658791.7,67.0335
112813217.6,68.127932
112968115.9,69.222456
113123491.3,70.316888
113279348,71.41132
113435690.4,72.505844
113592522.7,73.600276
113749848.9,74.694708
113907672.9,75.789232
114065998.6,76.883664
114224829.6,77.978096
114384169.7,79.072528
114544022.2,80.167052
114704390.6,81.261484
114865277.9,82.355916
115026687.4,83.45044
115188621.9,84.544872
115351084.3,85.639304
115514077.2,86.733828
115677603.1,87.82826
115841664.5,88.922692
116006263.5,89.99578
116171402.2,91.047432
116337082.5,92.099176
116503306.2,93.150828
116670074.9,94.20248
116837390,95.254224
117005252.7,96.305876
117173664.1,97.357528
117342625.2,98.409272
117512136.7,99.460924
117682199.1,100.512576
117852812.7,101.564228
118023977.9,102.615972
118195694.5,103.667624
118367962.4,104.719276
118541331.5,106.822672
118715250.1,107.874324
118889717.3,108.926068
119064731.8,109.97772
119240292.3,111.029372
119416397.2,112.081024
119593044.6,113.132768
119770232.5,114.18442
119947958.8,115.236072
120126220.9,116.287816
120305016.2,117.339468
120484341.9,118.391212
120664194.7,119.442864
120844571.5,120.494516
121025468.7,121.332084
121206882.4,121.955568
121388808.8,122.57896
121571243.6,123.202444
121754182.4,123.825928
121937620.6,124.449412
122121553.1,125.072804
122305975.1,125.696288
122490881,126.319772
122676265.4,126.943256
122862122.6,127.566648
123048446.4,128.190132
123235230.6,128.813616
123422468.9,129.437008
123610154.6,130.060492
123798280.8,130.683976
123986840.3,131.307368
124175825.9,131.930852
124365230.1,132.554336
124555045.1,133.17782
124745262.9,133.801304
124935875.5,134.424696
125126874.4,135.04818
125318251.1,135.671664
125509996.9,136.295148
125702102.7,136.91854
125894559.5,137.542024
126087358,138.165508
126280488.5,138.7889
126473941.5,139.412384
126667707.1,139.977264
126861775.2,140.48354
127056135.7,140.989908
127250778.1,141.496184
127445691.9,142.00246
127640866.6,142.508736
127836291.2,143.015104
128031954.9,143.52138
128227846.4,144.027656
128423954.7,144.533932
128620268.4,145.0403
128816775.9,145.546576
129013465.8,146.052852
129210326.4,146.559128
129407345.8,147.065496
129604512.3,147.571772
129801813.8,148.078048
129999238.4,148.584324
130196774,149.090692
130394408.3,149.596968
130592129.2,150.103244
130789924.4,150.60952
130987781.6,151.115888
131185688.4,151.622164
131383632.4,152.12844
131581601.3,152.634716
131779582.6,153.141084
131977563.9,153.64736
132175532.8,154.153636
132373476.8,154.660004
132571383.6,155.019356
132769240.8,155.231692
132967036,155.44412
133164756.9,155.656548
133362391.2,155.868884
133559926.7,156.081312
133757351.3,156.29374
133954652.9,156.506076
134151819.4,156.718504
134348838.8,156.930932
134545699.4,157.143268
134742389.3,157.355696
134938896.8,157.568124
135135210.5,157.780552
135331318.7,157.992888
135527210.3,158.205316
135722874,158.417744
135918298.6,158.630172
136113473.2,158.842508
136308387.1,159.054936
136503029.5,159.267364
136697390,159.4797
136891458.1,159.692128
137085223.6,159.904464
137278676.6,160.116892
137471807.2,160.32932
137664605.6,160.541748
137857062.5,160.754084
138049168.3,160.966512
138240914.1,161.17894
138432290.8,161.191912
138623289.7,161.005336
138813902.3,160.818852
139004120.1,160.632276
139193935.1,160.445792
139383339.3,160.259216
139572324.9,160.072732
139760884.4,159.886248
139949010.6,159.699672
140136696.2,159.513188
140323934.5,159.326612
140510718.8,159.140128
140697042.6,158.953552
140882899.7,158.767068
141068284.1,158.580492
141253190.1,158.394008
141437612,158.207524
141621544.6,158.020948
141804982.7,157.834372
141987921.5,157.647888
142170356.3,157.461404
142352282.7,157.274828
142533696.5,157.088344
142714593.7,156.90186
142894970.4,156.715284
143074823.3,156.5288
143254149,156.342224
143432944.3,156.15574
143611206.4,155.969256
143788932.7,155.78268
143966120.6,155.408608
144142768,154.84704
144318872.9,154.285472
144494433.4,153.723904
144669447.9,153.162244
144843915,152.600676
145017833.7,152.039108
145191202.8,151.47754
145364021.6,150.91588
145536289.5,150.354312
145708006.1,149.792744
145879171.2,149.231084
146049784.9,148.669608
146219847.3,148.107948
146389358.7,147.54638
146558319.8,146.984812
146726731.3,146.423244
146894594,145.861584
147061909,145.300016
147228677.7,144.738448
147394901.4,144.176788
147560581.8,143.61522
147725720.5,143.053652
147890319.5,142.491992
148054380.8,141.930424
148217906.8,141.368856
148380899.7,140.807288
148543362,140.24572
148705296.6,139.684152
148866706,139.122492
149027593.4,138.371588
149187961.7,137.431256
149347814.3,136.490924
149507154.3,135.550592
149665985.4,134.61026
149824311.1,133.669928
149982135.1,132.729596
150139461.3,131.789356
150296293.5,130.849024
150452636,129.908692
150608492.7,128.96836
150763868.1,128.028028
150918766.4,127.087696
151073192.2,126.147364
151227150.1,125.207032
151380644.7,124.2667
151533680.8,123.32646
151686263.2,122.386128
151838396.9,121.445796
151990086.9,120.505464
152141338.4,119.565132
152292156.5,118.6248
152442546.5,117.684468
152592513.8,116.744136
152742063.7,115.803896
152891201.8,114.863564
153039933.6,113.923232
153188264.7,112.9829
153336200.9,112.042568
153483747.8,111.102236
153630911.4,109.884708
153777697.4,108.390076
153924111.8,106.895352
154070160.6,105.400628
154215849.8,103.905904
154361185.5,102.41118
154506173.8,100.916456
154650821,99.421824
154795133.1,97.9271
154939116.6,96.432376
155082777.7,94.937652
155226122.7,93.442928
155369158.1,91.948204
155511890.2,90.453572
155654325.6,88.958848
155796470.8,87.464124
155938332.2,85.9694
156079916.4,84.474676
156221230.1,82.979952
156362279.8,81.485228
156503072.2,79.990596
156643614,78.495872
156783911.9,77.001148
156923972.6,75.506424
157063802.8,74.0117
157203409.4,72.516976
157342799.1,71.022344
157481978.7,69.52762
157620955.1,68.032896
157759735.2,66.538172
157898325.7,65.333248
158036733.6,64.418216
158174965.8,63.503184
158313029.3,62.588152
158450930.8,61.67312
158588677.5,60.757996
158726276.2,59.842964
158863734,58.927932
159001057.7,58.0129
159138254.4,57.097868
159275331.2,56.182744
159412294.9,55.267712
159549152.7,54.35268
159685911.5,53.437648
159822578.5,52.522524
159959160.6,51.607492
160095664.9,50.69246
160232098.4,49.777428
160368468.2,48.862304
160504781.4,47.947272
160641045.1,47.03224
160777266.2,46.117208
160913452,45.202176
161049609.4,44.287052
161185745.6,43.37202
161321867.7,42.456988
161457982.6,41.541956
161594097.5,40.626832
161730219.5,39.7118
161866355.7,38.796768
162002513.2,38.35802
162138698.9,38.395464
162274920.1,38.432908
162411183.8,38.470352
162547497,38.507796
162683866.8,38.54524
162820300.3,38.582684
162956804.6,38.620128
163093386.7,38.657572
163230053.6,38.695016
163366812.5,38.73246
163503670.3,38.769904
163640634,38.807348
163777710.7,38.844792
163914907.5,38.882236
164052231.2,38.91968
164189688.9,38.957124
164327287.7,38.994568
164465034.3,39.032104
164602935.9,39.069548
164740999.3,39.106992
164879231.6,39.144436
165017639.5,39.18188
165156230,39.219324
165295010.1,39.256768
165433986.5,39.294212
165573166.1,39.331656
165712555.8,39.3691
165852162.4,39.406544
165991992.6,39.443988
166132053.3,39.748968
166272351.1,40.321392
166412892.9,40.893816
166553685.4,41.466332
166694735.1,42.038756
166836048.7,42.61118
166977633,43.183604
167119494.4,43.75612
167261639.5,44.328544
167404074.9,44.900968
167546807.1,45.473392
167689842.5,46.045908
167833187.5,46.618332
167976848.6,47.190756
168120832,47.76318
168265144.2,48.335696
168409791.3,48.90812
168554779.7,49.480544
168700115.4,50.052968
168845804.6,50.625484
168991853.4,51.197908
169138267.8,51.770332
169285053.8,52.342756
169432217.4,52.915272
169579764.3,53.487696
169727700.5,54.06012
169876031.6,54.632544
170024763.4,55.20506
170173901.5,55.777484
170323451.4,56.349908
170473418.7,57.183336
170623808.7,58.27786
170774626.8,59.372292
170925878.2,60.466724
171077568.3,61.561248
171229702,62.65568
171382284.4,63.750112
171535320.5,64.844636
171688815.1,65.939068
171842772.9,67.0335
171997198.8,68.127932
172152097.1,69.222456
172307472.5,70.316888
172463329.2,71.41132
172619671.6,72.505844
172776503.9,73.600276
172933830.1,74.694708
173091654.1,75.789232
173249979.8,76.883664
173408810.8,77.978096
173568150.9,79.072528
173728003.4,80.167052
173888371.8,81.261484
174049259.2,82.355916
174210668.6,83.45044
174372603.1,84.544872
174535065.5,85.639304
174698058.4,86.733828
174861584.3,87.82826
175025645.7,88.922692
175190244.7,89.99578
175355383.4,91.047432
175521063.7,92.099176
175687287.5,93.150828
175854056.1,94.20248
176021371.2,95.254224
176189233.9,96.305876
176357645.4,97.357528
176526606.4,98.409272
176696117.9,99.460924
176866180.3,100.512576
177036793.9,101.564228
177207959.1,102.615972
177379675.7,103.667624
177551943.6,104.719276
