time (s),temp (celsius)
0,-63.6896485
173369.1002,-63.17092699
347287.7242,-62.65602151
521754.8889,-62.14482263
696769.4083,-61.63735663
872329.8916,-61.13351714
1048434.741,-60.63324425
1225082.148,-60.1364363
1402270.097,-59.64312332
1579996.354,-59.15320627
1758258.476,-58.66658868
1937053.801,-58.18330295
2116379.45,-57.70321312
2296232.326,-57.22635299
2476609.11,-56.75263148
2657506.264,-56.37755846
2838920.028,-56.09961367
3020846.417,-55.82277333
3203281.225,-55.54694631
3386220.021,-55.2721642
3569658.15,-54.99841782
3753590.732,-54.72573827
3938012.662,-54.45403613
4122918.613,-54.18334291
4308303.032,-53.91364989
4494160.142,-53.64498808
4680483.945,-53.37726971
4867268.219,-53.11052615
5054506.522,-52.84478831
5242192.191,-52.57996961
5430318.346,-52.31610133
5618877.89,-52.05321427
5807863.508,-51.79122301
5997267.675,-51.53015871
6187082.654,-51.27001376
6377300.498,-51.01078062
6567913.055,-50.75248994
6758911.969,-50.49505814
6950288.683,-50.23851618
7142034.443,-49.98285691
7334140.301,-49.72811081
7526597.116,-49.47419573
7719395.562,-49.22114244
7912526.131,-48.9689813
8105979.132,-48.71763118
8299744.703,-48.49063345
8493812.808,-48.28776889
8688173.248,-48.08541519
8882815.661,-47.88364245
9077729.529,-47.68241044
9272904.183,-47.4817158
9468328.809,-47.28151886
9663992.452,-47.08188907
9859884.023,-46.88278673
10055992.3,-46.68420861
10252305.95,-46.48611554
10448813.5,-46.28857634
10645503.39,-46.09155182
10842363.95,-45.89503885
11039383.39,-45.69899879
11236549.87,-45.5034998
11433851.42,-45.30850319
11631276.01,-45.11400595
11828811.56,-44.91996991
12026445.9,-44.72646263
12224166.8,-44.53344589
12421961.99,-44.34091679
12619819.16,-44.14883762
12817725.95,-43.95727534
13015669.99,-43.76619218
13213638.87,-43.57558537
13411620.18,-43.38541764
13609601.48,-43.19575534
13807570.36,-43.00656117
14005514.4,-42.81779819
14203421.19,-42.68412059
14401278.36,-42.60524159
14599073.55,-42.52640935
14796794.45,-42.44765786
14994428.79,-42.36902099
15191964.34,-42.29043041
15389388.93,-42.21192001
15586690.48,-42.13352354
15783856.96,-42.0551729
15980876.4,-41.97690186
16177736.96,-41.89874409
16374426.85,-41.82063168
16570934.4,-41.74259832
16767248.05,-41.66464381
16963356.33,-41.5868017
17159247.9,-41.50900433
17354911.54,-41.43128526
17550336.17,-41.35364432
17745510.82,-41.2761149
17940424.69,-41.19862962
18135067.1,-41.12122192
18329427.54,-41.04392509
18523495.65,-40.96667197
18717261.22,-40.88952929
18910714.22,-40.81243002
19103844.79,-40.73540743
19296643.23,-40.65846135
19489100.05,-40.58162486
19681205.91,-40.5048312
19872951.67,-40.42811353
20064328.38,-40.42343119
20255327.29,-40.49080438
20445939.85,-40.55820288
20636157.7,-40.62569332
20825972.67,-40.69320925
21015376.84,-40.76081742
21204362.46,-40.82845127
21392922,-40.89614423
21581048.16,-40.96392988
21768733.83,-41.03174148
21955972.13,-41.09964606
22142756.41,-41.16757678
22329080.21,-41.23560078
22514937.32,-41.30365111
22700321.74,-41.37179503
22885227.69,-41.43996545
23069649.62,-41.5081961
23253582.2,-41.57652081
23437020.33,-41.64490604
23619959.13,-41.71331816
23802393.93,-41.781791
23984320.32,-41.85035852
24165734.09,-41.91895321
24346631.24,-41.98760901
24527008.02,-42.05635995
24706860.9,-42.12513835
24886186.55,-42.19401222
25064981.87,-42.26291375
25243244,-42.33187702
25420970.25,-42.40093623
25598158.2,-42.53958226
25774805.61,-42.74819246
25950910.46,-42.95737085
26126470.94,-43.16712105
26301485.46,-43.37748122
26475952.63,-43.58838614
26649871.25,-43.79987397
26823240.35,-44.01194847
26996059.14,-44.22464834
27168327.05,-44.43790776
27340043.67,-44.6517654
27511208.82,-44.86626039
27681822.5,-45.08129113
27851884.87,-45.29700259
28021396.33,-45.51329295
28190357.41,-45.73020161
28358768.85,-45.9477327
28526631.56,-46.1659262
28693946.63,-46.38471485
28860715.31,-46.60413862
29026939.02,-46.82423793
29192619.35,-47.04494504
29357758.06,-47.26630036
29522357.06,-47.48834479
29686418.42,-47.71101007
29849944.36,-47.9343371
30012937.26,-48.15833047
30175399.63,-48.38299485
30337334.14,-48.60833494
30498743.61,-48.83439258
30659630.97,-49.13768914
30819999.31,-49.51924307
30979851.85,-49.90276005
31139191.92,-50.28826381
31298023,-50.67577854
31456348.69,-51.06532888
31614172.7,-51.45693997
31771498.86,-51.85059879
31928331.12,-52.2464085
32084673.54,-52.64435734
32240530.29,-53.04447246
32395905.66,-53.44678158
32550804.01,-53.85131299
32705229.82,-54.25809554
32859187.69,-54.66715867
33012682.28,-55.07853245
33165718.35,-55.49220697
33318300.77,-55.90829451
33470434.49,-56.32678671
33622124.53,-56.74771624
33773376,-57.17111649
33924194.1,-57.59702155
34074584.11,-58.02546629
34224551.36,-58.45648632
34374101.28,-58.8900755
34523239.35,-59.3263559
34671971.15,-59.7653233
34820302.28,-60.20701662
34968238.45,-60.6514757
35115785.41,-61.09874128
35262948.96,-61.68209173
35409734.98,-62.40487604
35556149.4,-63.13521971
35702198.2,-63.87326337
35847887.4,-64.61919912
35993223.1,-65.37322676
36138211.42,-66.13555409
36282858.55,-66.90634977
36427170.72,-67.685934
36571154.18,-68.47449446
36714815.25,-69.27227608
36858160.28,-70.07953444
37001195.66,-70.89653645
37143927.83,-71.72350981
37286363.23,-72.56084797
37428508.37,-73.40880557
37570369.78,-74.26770228
37711954.02,-75.13787315
37853267.69,-76.01966965
37994317.41,-76.91346078
38135109.83,-77.81957813
38275651.62,-78.73854103
38415949.49,-79.67072342
38556010.17,-80.61657771
38695840.4,-81.57658114
38835446.97,-82.55123764
38974836.66,-83.54101855
39114016.29,-84.54660951
39252992.7,-85.56854749
39391772.74,-86.60746631
39530363.28,-87.45777621
39668771.21,-88.11140243
39807003.43,-88.77202956
39945066.86,-89.43983508
40082968.44,-90.1150037
40220715.1,-90.7977967
40358313.82,-91.48827707
40495771.55,-92.18672182
40633095.29,-92.89334865
40770292.03,-93.60838478
40907368.76,-94.33214067
41044332.51,-95.06471882
41181190.29,-95.80645088
41317949.13,-96.55760827
41454616.07,-97.31855227
41591198.16,-98.08942792
41727702.44,-98.87062385
41864135.97,-99.66246831
42000505.8,-100.4653876
42136819.01,-101.2795831
42273082.67,-102.105517
42409303.84,-102.943592
42545489.6,-103.7942329
42681647.03,-104.6579757
42817783.22,-105.5351213
42953905.24,-106.4262576
43090020.18,-107.3319169
43226135.11,-108.252757
43362257.13,-109.1891927
43498393.32,-110.1419539
43634550.75,-110.6047809
43770736.51,-110.5651274
43906957.68,-110.5255029
44043221.34,-110.4859074
44179534.55,-110.4463407
44315904.38,-110.4068029
44452337.91,-110.3672939
44588842.19,-110.3278136
44725424.28,-110.2883621
44862091.22,-110.2489392
44998850.06,-110.2095448
45135707.84,-110.1701791
45272671.59,-110.1308418
45409748.33,-110.091533
45546945.06,-110.0522526
45684268.8,-110.0130006
45821726.53,-109.9737768
45959325.25,-109.9345814
46097071.91,-109.8953179
46234973.49,-109.8561789
46373036.92,-109.8170681
46511269.14,-109.7779853
46649677.07,-109.7389305
46788267.61,-109.6999037
46927047.65,-109.6609048
47066024.06,-109.6219339
47205203.69,-109.5829907
47344593.38,-109.5440754
47484199.95,-109.5051878
47624030.18,-109.4663279
47764090.86,-109.1508416
47904388.73,-108.5635666
48044930.52,-107.9825117
48185722.94,-107.4074333
48326772.66,-106.8383704
48468086.33,-106.2750898
48609670.57,-105.717456
48751531.98,-105.1652505
48893677.12,-104.6185251
49036112.53,-104.0770693
49178844.69,-103.5407661
49321880.07,-103.0094175
49465225.1,-102.4830853
49608886.17,-101.961578
49752869.63,-101.4447938
49897181.8,-100.9325521
50041828.93,-100.4249221
50186817.25,-99.92172875
50332152.95,-99.42288259
50477842.15,-98.92821784
50623890.95,-98.43780952
50770305.37,-97.95149642
50917091.39,-97.46919964
51064254.94,-96.99076603
51211801.9,-96.51627508
51359738.07,-96.04557747
51508069.2,-95.5786032
51656801,-95.11521008
51805939.07,-94.65548096
51955488.99,-94.19927686
52105456.24,-93.54123491
52255846.25,-92.68788048
52406664.35,-91.8465332
52557915.82,-91.01673843
52709605.86,-90.19806434
52861739.58,-89.39030269
53014322,-88.59305488
53167358.07,-87.8059413
53320852.66,-87.02879484
53474810.53,-86.26126311
53629236.35,-85.50307306
53784134.69,-84.75390101
53939510.06,-84.01362312
54095366.81,-83.28193688
54251709.23,-82.55855271
54408541.49,-81.84337254
54565867.65,-81.13612447
54723691.66,-80.43654773
54882017.35,-79.74456562
55040848.43,-79.05993228
55200188.5,-78.38246814
55360041.04,-77.71194439
55520409.38,-77.04830741
55681296.74,-76.39134037
55842706.21,-75.74083452
56004640.72,-75.09675038
56167103.09,-74.45888947
56330095.99,-73.8270604
56493621.93,-73.20123566
56657683.29,-72.5812327
56822282.29,-71.97885341
56987421,-71.39371146
57153101.33,-70.81356629
57319325.04,-70.23841897
57486093.72,-69.66812119
57653408.79,-69.10252933
57821271.5,-68.54165084
57989682.94,-67.98534728
58158644.02,-67.43348442
58328155.48,-66.8860752
58498217.85,-66.34298996
58668831.53,-65.80414982
58839996.68,-65.26943157
59011713.3,-64.73885428
59183981.21,-64.21229857
59357350.31,-63.17092699
59531268.93,-62.65602151
59705736.09,-62.14482263
59880750.61,-61.63735663
60056311.1,-61.13351714
60232415.95,-60.63324425
60409063.35,-60.1364363
60586251.3,-59.64312332
60763977.56,-59.15320627
60942239.68,-58.66658868
61121035.01,-58.18330295
61300360.66,-57.70321312
61480213.53,-57.22635299
61660590.32,-56.75263148
61841487.47,-56.37755846
62022901.23,-56.09961367
62204827.62,-55.82277333
62387262.43,-55.54694631
62570201.23,-55.2721642
62753639.36,-54.99841782
62937571.94,-54.72573827
63121993.87,-54.45403613
63306899.82,-54.18334291
63492284.24,-53.91364989
63678141.35,-53.64498808
63864465.15,-53.37726971
64051249.43,-53.11052615
64238487.73,-52.84478831
64426173.4,-52.57996961
64614299.55,-52.31610133
64802859.1,-52.05321427
64991844.71,-51.79122301
65181248.88,-51.53015871
65371063.86,-51.27001376
65561281.7,-51.01078062
65751894.26,-50.75248994
65942893.18,-50.49505814
66134269.89,-50.23851618
66326015.65,-49.98285691
66518121.51,-49.72811081
66710578.32,-49.47419573
66903376.77,-49.22114244
67096507.34,-48.9689813
67289960.34,-48.71763118
67483725.91,-48.49063345
67677794.01,-48.28776889
67872154.45,-48.08541519
68066796.87,-47.88364245
68261710.73,-47.68241044
68456885.39,-47.4817158
68652310.02,-47.28151886
68847973.66,-47.08188907
69043865.23,-46.88278673
69239973.51,-46.68420861
69436287.15,-46.48611554
69632794.71,-46.28857634
69829484.6,-46.09155182
70026345.15,-45.89503885
70223364.6,-45.69899879
70420531.07,-45.5034998
70617832.62,-45.30850319
70815257.22,-45.11400595
71012792.77,-44.91996991
71210427.1,-44.72646263
71408148,-44.53344589
71605943.19,-44.34091679
71803800.36,-44.14883762
72001707.16,-43.95727534
72199651.2,-43.76619218
72397620.08,-43.57558537
72595601.38,-43.38541764
72793582.69,-43.19575534
72991551.57,-43.00656117
73189495.61,-42.81779819
73387402.4,-42.68412059
73585259.57,-42.60524159
73783054.76,-42.52640935
73980775.66,-42.44765786
74178409.99,-42.36902099
74375945.54,-42.29043041
74573370.14,-42.21192001
74770671.69,-42.13352354
74967838.16,-42.0551729
75164857.61,-41.97690186
75361718.16,-41.89874409
75558408.05,-41.82063168
75754915.61,-41.74259832
75951229.25,-41.66464381
76147337.53,-41.5868017
76343229.1,-41.50900433
76538892.75,-41.43128526
76734317.37,-41.35364432
76929492.03,-41.2761149
77124405.9,-41.19862962
77319048.31,-41.12122192
77513408.75,-41.04392509
77707476.85,-40.96667197
77901242.42,-40.88952929
78094695.43,-40.81243002
78287825.99,-40.73540743
78480624.44,-40.65846135
78673081.26,-40.58162486
78865187.11,-40.5048312
79056932.87,-40.42811353
79248309.59,-40.42343119
79439308.5,-40.49080438
79629921.06,-40.55820288
79820138.9,-40.62569332
80009953.88,-40.69320925
80199358.05,-40.76081742
80388343.67,-40.82845127
80576903.21,-40.89614423
80765029.37,-40.96392988
80952715.03,-41.03174148
81139953.34,-41.09964606
81326737.61,-41.16757678
81513061.41,-41.23560078
81698918.52,-41.30365111
81884302.94,-41.37179503
82069208.89,-41.43996545
82253630.82,-41.5081961
82437563.41,-41.57652081
82621001.54,-41.64490604
82803940.33,-41.71331816
82986375.14,-41.781791
83168301.53,-41.85035852
83349715.29,-41.91895321
83530612.45,-41.98760901
83710989.23,-42.05635995
83890842.11,-42.12513835
84070167.75,-42.19401222
84248963.08,-42.26291375
84427225.2,-42.33187702
84604951.46,-42.40093623
84782139.41,-42.53958226
84958786.82,-42.74819246
85134891.66,-42.95737085
85310452.15,-43.16712105
85485466.67,-43.37748122
85659933.83,-43.58838614
85833852.46,-43.79987397
86007221.56,-44.01194847
86180040.35,-44.22464834
86352308.25,-44.43790776
86524024.88,-44.6517654
86695190.03,-44.86626039
86865803.7,-45.08129113
87035866.08,-45.29700259
87205377.53,-45.51329295
87374338.62,-45.73020161
87542750.06,-45.9477327
87710612.77,-46.1659262
87877927.84,-46.38471485
88044696.51,-46.60413862
88210920.22,-46.82423793
88376600.56,-47.04494504
88541739.27,-47.26630036
88706338.27,-47.48834479
88870399.63,-47.71101007
89033925.57,-47.9343371
89196918.46,-48.15833047
89359380.83,-48.38299485
89521315.35,-48.60833494
89682724.82,-48.83439258
89843612.18,-49.13768914
90003980.52,-49.51924307
90163833.05,-49.90276005
90323173.13,-50.28826381
90482004.21,-50.67577854
90640329.9,-51.06532888
90798153.9,-51.45693997
90955480.06,-51.85059879
91112312.32,-52.2464085
91268654.75,-52.64435734
91424511.5,-53.04447246
91579886.86,-53.44678158
91734785.21,-53.85131299
91889211.03,-54.25809554
92043168.89,-54.66715867
92196663.48,-55.07853245
92349699.56,-55.49220697
92502281.98,-55.90829451
92654415.7,-56.32678671
92806105.73,-56.74771624
92957357.21,-57.17111649
93108175.31,-57.59702155
93258565.31,-58.02546629
93408532.56,-58.45648632
93558082.48,-58.8900755
93707220.56,-59.3263559
93855952.35,-59.7653233
94004283.49,-60.20701662
94152219.66,-60.6514757
94299766.61,-61.09874128
94446930.17,-61.68209173
94593716.19,-62.40487604
94740130.61,-63.13521971
94886179.4,-63.87326337
95031868.61,-64.61919912
95177204.3,-65.37322676
95322192.63,-66.13555409
95466839.76,-66.90634977
95611151.92,-67.685934
95755135.38,-68.47449446
95898796.45,-69.27227608
96042141.49,-70.07953444
96185176.87,-70.89653645
96327909.03,-71.72350981
96470344.43,-72.56084797
96612489.58,-73.40880557
96754350.99,-74.26770228
96895935.23,-75.13787315
97037248.9,-76.01966965
97178298.62,-76.91346078
97319091.03,-77.81957813
97459632.82,-78.73854103
97599930.7,-79.67072342
97739991.37,-80.61657771
97879821.61,-81.57658114
98019428.17,-82.55123764
98158817.87,-83.54101855
98297997.5,-84.54660951
98436973.91,-85.56854749
98575753.95,-86.60746631
98714344.49,-87.45777621
98852752.42,-88.11140243
98990984.64,-88.77202956
99129048.07,-89.43983508
99266949.64,-90.1150037
99404696.31,-90.7977967
99542295.02,-91.48827707
99679752.76,-92.18672182
99817076.5,-92.89334865
99954273.23,-93.60838478
100091350,-94.33214067
100228313.7,-95.06471882
100365171.5,-95.80645088
100501930.3,-96.55760827
100638597.3,-97.31855227
100775179.4,-98.08942792
100911683.6,-98.87062385
101048117.2,-99.66246831
101184487,-100.4653876
101320800.2,-101.2795831
101457063.9,-102.105517
101593285,-102.943592
101729470.8,-103.7942329
101865628.2,-104.6579757
102001764.4,-105.5351213
102137886.4,-106.4262576
102274001.4,-107.3319169
102410116.3,-108.252757
102546238.3,-109.1891927
102682374.5,-110.1419539
102818532,-110.6047809
102954717.7,-110.5651274
103090938.9,-110.5255029
103227202.5,-110.4859074
103363515.8,-110.4463407
103499885.6,-110.4068029
103636319.1,-110.3672939
103772823.4,-110.3278136
103909405.5,-110.2883621
104046072.4,-110.2489392
104182831.3,-110.2095448
104319689,-110.1701791
104456652.8,-110.1308418
104593729.5,-110.091533
104730926.3,-110.0522526
104868250,-110.0130006
105005707.7,-109.9737768
105143306.5,-109.9345814
105281053.1,-109.8953179
105418954.7,-109.8561789
105557018.1,-109.8170681
105695250.3,-109.7779853
105833658.3,-109.7389305
105972248.8,-109.6999037
106111028.9,-109.6609048
106250005.3,-109.6219339
106389184.9,-109.5829907
106528574.6,-109.5440754
106668181.2,-109.5051878
106808011.4,-109.4663279
106948072.1,-109.1508416
107088369.9,-108.5635666
107228911.7,-107.9825117
107369704.1,-107.4074333
107510753.9,-106.8383704
107652067.5,-106.2750898
107793651.8,-105.717456
107935513.2,-105.1652505
108077658.3,-104.6185251
108220093.7,-104.0770693
108362825.9,-103.5407661
108505861.3,-103.0094175
108649206.3,-102.4830853
108792867.4,-101.961578
108936850.8,-101.4447938
109081163,-100.9325521
109225810.1,-100.4249221
109370798.5,-99.92172875
109516134.2,-99.42288259
109661823.4,-98.92821784
109807872.2,-98.43780952
109954286.6,-97.95149642
110101072.6,-97.46919964
110248236.1,-96.99076603
110395783.1,-96.51627508
110543719.3,-96.04557747
110692050.4,-95.5786032
110840782.2,-95.11521008
110989920.3,-94.65548096
111139470.2,-94.19927686
111289437.4,-93.54123491
111439827.5,-92.68788048
111590645.6,-91.8465332
111741897,-91.01673843
111893587.1,-90.19806434
112045720.8,-89.39030269
112198303.2,-88.59305488
112351339.3,-87.8059413
112504833.9,-87.02879484
112658791.7,-86.26126311
112813217.6,-85.50307306
112968115.9,-84.75390101
113123491.3,-84.01362312
113279348,-83.28193688
113435690.4,-82.55855271
113592522.7,-81.84337254
113749848.9,-81.13612447
113907672.9,-80.43654773
114065998.6,-79.74456562
114224829.6,-79.05993228
114384169.7,-78.38246814
114544022.2,-77.71194439
114704390.6,-77.04830741
114865277.9,-76.39134037
115026687.4,-75.74083452
115188621.9,-75.09675038
115351084.3,-74.45888947
115514077.2,-73.8270604
115677603.1,-73.20123566
115841664.5,-72.5812327
116006263.5,-71.97885341
116171402.2,-71.39371146
116337082.5,-70.81356629
116503306.2,-70.23841897
116670074.9,-69.66812119
116837390,-69.10252933
117005252.7,-68.54165084
117173664.1,-67.98534728
117342625.2,-67.43348442
117512136.7,-66.8860752
117682199.1,-66.34298996
117852812.7,-65.80414982
118023977.9,-65.26943157
118195694.5,-64.73885428
118367962.4,-64.21229857
118541331.5,-63.17092699
118715250.1,-62.65602151
118889717.3,-62.14482263
119064731.8,-61.63735663
119240292.3,-61.13351714
119416397.2,-60.63324425
119593044.6,-60.1364363
119770232.5,-59.64312332
119947958.8,-59.15320627
120126220.9,-58.66658868
120305016.2,-58.18330295
120484341.9,-57.70321312
120664194.7,-57.22635299
120844571.5,-56.75263148
121025468.7,-56.37755846
121206882.4,-56.09961367
121388808.8,-55.82277333
121571243.6,-55.54694631
121754182.4,-55.2721642
121937620.6,-54.99841782
122121553.1,-54.72573827
122305975.1,-54.45403613
122490881,-54.18334291
122676265.4,-53.91364989
122862122.6,-53.64498808
123048446.4,-53.37726971
123235230.6,-53.11052615
123422468.9,-52.84478831
123610154.6,-52.57996961
123798280.8,-52.31610133
123986840.3,-52.05321427
124175825.9,-51.79122301
124365230.1,-51.53015871
124555045.1,-51.27001376
124745262.9,-51.01078062
124935875.5,-50.75248994
125126874.4,-50.49505814
125318251.1,-50.23851618
125509996.9,-49.98285691
125702102.7,-49.72811081
125894559.5,-49.47419573
126087358,-49.22114244
126280488.5,-48.9689813
126473941.5,-48.71763118
126667707.1,-48.49063345
126861775.2,-48.28776889
127056135.7,-48.08541519
127250778.1,-47.88364245
127445691.9,-47.68241044
127640866.6,-47.4817158
127836291.2,-47.28151886
128031954.9,-47.08188907
128227846.4,-46.88278673
128423954.7,-46.68420861
128620268.4,-46.48611554
128816775.9,-46.28857634
129013465.8,-46.09155182
129210326.4,-45.89503885
129407345.8,-45.69899879
129604512.3,-45.5034998
129801813.8,-45.30850319
129999238.4,-45.11400595
130196774,-44.91996991
130394408.3,-44.72646263
130592129.2,-44.53344589
130789924.4,-44.34091679
130987781.6,-44.14883762
131185688.4,-43.95727534
131383632.4,-43.76619218
131581601.3,-43.57558537
131779582.6,-43.38541764
131977563.9,-43.19575534
132175532.8,-43.00656117
132373476.8,-42.81779819
132571383.6,-42.68412059
132769240.8,-42.60524159
132967036,-42.52640935
133164756.9,-42.44765786
133362391.2,-42.36902099
133559926.7,-42.29043041
133757351.3,-42.21192001
133954652.9,-42.13352354
134151819.4,-42.0551729
134348838.8,-41.97690186
134545699.4,-41.89874409
134742389.3,-41.82063168
134938896.8,-41.74259832
135135210.5,-41.66464381
135331318.7,-41.5868017
135527210.3,-41.50900433
135722874,-41.43128526
135918298.6,-41.35364432
136113473.2,-41.2761149
136308387.1,-41.19862962
136503029.5,-41.12122192
136697390,-41.04392509
136891458.1,-40.96667197
137085223.6,-40.88952929
137278676.6,-40.81243002
137471807.2,-40.73540743
137664605.6,-40.65846135
137857062.5,-40.58162486
138049168.3,-40.5048312
138240914.1,-40.42811353
138432290.8,-40.42343119
138623289.7,-40.49080438
138813902.3,-40.55820288
139004120.1,-40.62569332
139193935.1,-40.69320925
139383339.3,-40.76081742
139572324.9,-40.82845127
139760884.4,-40.89614423
139949010.6,-40.96392988
140136696.2,-41.03174148
140323934.5,-41.09964606
140510718.8,-41.16757678
140697042.6,-41.23560078
140882899.7,-41.30365111
141068284.1,-41.37179503
141253190.1,-41.43996545
141437612,-41.5081961
141621544.6,-41.57652081
141804982.7,-41.64490604
141987921.5,-41.71331816
142170356.3,-41.781791
142352282.7,-41.85035852
142533696.5,-41.91895321
142714593.7,-41.98760901
142894970.4,-42.05635995
143074823.3,-42.12513835
143254149,-42.19401222
143432944.3,-42.26291375
143611206.4,-42.33187702
143788932.7,-42.40093623
143966120.6,-42.53958226
144142768,-42.74819246
144318872.9,-42.95737085
144494433.4,-43.16712105
144669447.9,-43.37748122
144843915,-43.58838614
145017833.7,-43.79987397
145191202.8,-44.01194847
145364021.6,-44.22464834
145536289.5,-44.43790776
145708006.1,-44.6517654
145879171.2,-44.86626039
146049784.9,-45.08129113
146219847.3,-45.29700259
146389358.7,-45.51329295
146558319.8,-45.73020161
146726731.3,-45.9477327
146894594,-46.1659262
147061909,-46.38471485
147228677.7,-46.60413862
147394901.4,-46.82423793
147560581.8,-47.04494504
147725720.5,-47.26630036
147890319.5,-47.48834479
148054380.8,-47.71101007
148217906.8,-47.9343371
148380899.7,-48.15833047
148543362,-48.38299485
148705296.6,-48.60833494
148866706,-48.83439258
149027593.4,-49.13768914
149187961.7,-49.51924307
149347814.3,-49.90276005
149507154.3,-50.28826381
149665985.4,-50.67577854
149824311.1,-51.06532888
149982135.1,-51.45693997
150139461.3,-51.85059879
150296293.5,-52.2464085
150452636,-52.64435734
150608492.7,-53.04447246
150763868.1,-53.44678158
150918766.4,-53.85131299
151073192.2,-54.25809554
151227150.1,-54.66715867
151380644.7,-55.07853245
151533680.8,-55.49220697
151686263.2,-55.90829451
151838396.9,-56.32678671
151990086.9,-56.74771624
152141338.4,-57.17111649
152292156.5,-57.59702155
152442546.5,-58.02546629
152592513.8,-58.45648632
152742063.7,-58.8900755
152891201.8,-59.3263559
153039933.6,-59.7653233
153188264.7,-60.20701662
153336200.9,-60.6514757
153483747.8,-61.09874128
153630911.4,-61.68209173
153777697.4,-62.40487604
153924111.8,-63.13521971
154070160.6,-63.87326337
154215849.8,-64.61919912
154361185.5,-65.37322676
154506173.8,-66.13555409
154650821,-66.90634977
154795133.1,-67.685934
154939116.6,-68.47449446
155082777.7,-69.27227608
155226122.7,-70.07953444
155369158.1,-70.89653645
155511890.2,-71.72350981
155654325.6,-72.56084797
155796470.8,-73.40880557
155938332.2,-74.26770228
156079916.4,-75.13787315
156221230.1,-76.01966965
156362279.8,-76.91346078
156503072.2,-77.81957813
156643614,-78.73854103
156783911.9,-79.67072342
156923972.6,-80.61657771
157063802.8,-81.57658114
157203409.4,-82.55123764
157342799.1,-83.54101855
157481978.7,-84.54660951
157620955.1,-85.56854749
157759735.2,-86.60746631
157898325.7,-87.45777621
158036733.6,-88.11140243
158174965.8,-88.77202956
158313029.3,-89.43983508
158450930.8,-90.1150037
158588677.5,-90.7977967
158726276.2,-91.48827707
158863734,-92.18672182
159001057.7,-92.89334865
159138254.4,-93.60838478
159275331.2,-94.33214067
159412294.9,-95.06471882
159549152.7,-95.80645088
159685911.5,-96.55760827
159822578.5,-97.31855227
159959160.6,-98.08942792
160095664.9,-98.87062385
160232098.4,-99.66246831
160368468.2,-100.4653876
160504781.4,-101.2795831
160641045.1,-102.105517
160777266.2,-102.943592
160913452,-103.7942329
161049609.4,-104.6579757
161185745.6,-105.5351213
161321867.7,-106.4262576
161457982.6,-107.3319169
161594097.5,-108.252757
161730219.5,-109.1891927
161866355.7,-110.1419539
162002513.2,-110.6047809
162138698.9,-110.5651274
162274920.1,-110.5255029
162411183.8,-110.4859074
162547497,-110.4463407
162683866.8,-110.4068029
162820300.3,-110.3672939
162956804.6,-110.3278136
163093386.7,-110.2883621
163230053.6,-110.2489392
163366812.5,-110.2095448
163503670.3,-110.1701791
163640634,-110.1308418
163777710.7,-110.091533
163914907.5,-110.0522526
164052231.2,-110.0130006
164189688.9,-109.9737768
164327287.7,-109.9345814
164465034.3,-109.8953179
164602935.9,-109.8561789
164740999.3,-109.8170681
164879231.6,-109.7779853
165017639.5,-109.7389305
165156230,-109.6999037
165295010.1,-109.6609048
165433986.5,-109.6219339
165573166.1,-109.5829907
165712555.8,-109.5440754
165852162.4,-109.5051878
165991992.6,-109.4663279
166132053.3,-109.1508416
166272351.1,-108.5635666
166412892.9,-107.9825117
166553685.4,-107.4074333
166694735.1,-106.8383704
166836048.7,-106.2750898
166977633,-105.717456
167119494.4,-105.1652505
167261639.5,-104.6185251
167404074.9,-104.0770693
167546807.1,-103.5407661
167689842.5,-103.0094175
167833187.5,-102.4830853
167976848.6,-101.961578
168120832,-101.4447938
168265144.2,-100.9325521
168409791.3,-100.4249221
168554779.7,-99.92172875
168700115.4,-99.42288259
168845804.6,-98.92821784
168991853.4,-98.43780952
169138267.8,-97.95149642
169285053.8,-97.46919964
169432217.4,-96.99076603
169579764.3,-96.51627508
169727700.5,-96.04557747
169876031.6,-95.5786032
170024763.4,-95.11521008
170173901.5,-94.65548096
170323451.4,-94.19927686
170473418.7,-93.54123491
170623808.7,-92.68788048
170774626.8,-91.8465332
170925878.2,-91.01673843
171077568.3,-90.19806434
171229702,-89.39030269
171382284.4,-88.59305488
171535320.5,-87.8059413
171688815.1,-87.02879484
171842772.9,-86.26126311
171997198.8,-85.50307306
172152097.1,-84.75390101
172307472.5,-84.01362312
172463329.2,-83.28193688
172619671.6,-82.55855271
172776503.9,-81.84337254
172933830.1,-81.13612447
173091654.1,-80.43654773
173249979.8,-79.74456562
173408810.8,-79.05993228
173568150.9,-78.38246814
173728003.4,-77.71194439
173888371.8,-77.04830741
174049259.2,-76.39134037
174210668.6,-75.74083452
174372603.1,-75.09675038
174535065.5,-74.45888947
174698058.4,-73.8270604
174861584.3,-73.20123566
175025645.7,-72.5812327
175190244.7,-71.97885341
175355383.4,-71.39371146
175521063.7,-70.81356629
175687287.5,-70.23841897
175854056.1,-69.66812119
176021371.2,-69.10252933
176189233.9,-68.54165084
176357645.4,-67.98534728
176526606.4,-67.43348442
176696117.9,-66.8860752
176866180.3,-66.34298996
177036793.9,-65.80414982
177207959.1,-65.26943157
177379675.7,-64.73885428
177551943.6,-64.21229857
