time (s),heat flux (W/m^2)
0,25.024
173369.1002,24.9786
347287.7242,24.9331
521754.8889,24.8876
696769.4083,24.8421
872329.8916,24.7967
1048434.741,24.7512
1225082.148,24.7057
1402270.097,24.6602
1579996.354,24.6148
1758258.476,24.5693
1937053.801,24.5238
2116379.45,24.4784
2296232.326,24.4329
2476609.11,24.3874
2657506.264,24.4192
2838920.028,24.5283
3020846.417,24.6373
3203281.225,24.7464
3386220.021,24.8554
3569658.15,24.9645
3753590.732,25.0735
3938012.662,25.1826
4122918.613,25.2917
4308303.032,25.4007
4494160.142,25.5098
4680483.945,25.6188
4867268.219,25.7279
5054506.522,25.837
5242192.191,25.946
5430318.346,26.0551
5618877.89,26.1641
5807863.508,26.2732
5997267.675,26.3822
6187082.654,26.4913
6377300.498,26.6004
6567913.055,26.7094
6758911.969,26.8185
6950288.683,26.9275
7142034.443,27.0366
7334140.301,27.1457
7526597.116,27.2547
7719395.562,27.3638
7912526.131,27.4728
8105979.132,27.5819
8299744.703,27.6263
8493812.808,27.6061
8688173.248,27.5858
8882815.661,27.5656
9077729.529,27.5454
9272904.183,27.5252
9468328.809,27.5049
9663992.452,27.4847
9859884.023,27.4645
10055992.3,27.4442
10252305.95,27.424
10448813.5,27.4038
10645503.39,27.3835
10842363.95,27.3633
11039383.39,27.3431
11236549.87,27.3229
11433851.42,27.3026
11631276.01,27.2824
11828811.56,27.2622
12026445.9,27.2419
12224166.8,27.2217
12421961.99,27.2015
12619819.16,27.1812
12817725.95,27.161
13015669.99,27.1408
13213638.87,27.1206
13411620.18,27.1003
13609601.48,27.0801
13807570.36,27.0599
14005514.4,27.0396
14203421.19,27.0325
14401278.36,27.0383
14599073.55,27.0442
14796794.45,27.0501
14994428.79,27.0559
15191964.34,27.0618
15389388.93,27.0677
15586690.48,27.0735
15783856.96,27.0794
15980876.4,27.0853
16177736.96,27.0911
16374426.85,27.097
16570934.4,27.1029
16767248.05,27.1088
16963356.33,27.1146
17159247.9,27.1205
17354911.54,27.1264
17550336.17,27.1322
17745510.82,27.1381
17940424.69,27.144
18135067.1,27.1498
18329427.54,27.1557
18523495.65,27.1616
18717261.22,27.1674
18910714.22,27.1733
19103844.79,27.1792
19296643.23,27.1851
19489100.05,27.1909
19681205.91,27.1968
19872951.67,27.2027
20064328.38,27.2111
20255327.29,27.2222
20445939.85,27.2333
20636157.7,27.2444
20825972.67,27.2555
21015376.84,27.2665
21204362.46,27.2776
21392922,27.2887
21581048.16,27.2998
21768733.83,27.3109
21955972.13,27.3219
22142756.41,27.333
22329080.21,27.3441
22514937.32,27.3552
22700321.74,27.3663
22885227.69,27.3773
23069649.62,27.3884
23253582.2,27.3995
23437020.33,27.4106
23619959.13,27.4217
23802393.93,27.4327
23984320.32,27.4438
24165734.09,27.4549
24346631.24,27.466
24527008.02,27.477
24706860.9,27.4881
24886186.55,27.4992
25064981.87,27.5103
25243244,27.5214
25420970.25,27.5324
25598158.2,27.5127
25774805.61,27.462
25950910.46,27.4113
26126470.94,27.3606
26301485.46,27.3099
26475952.63,27.2593
26649871.25,27.2086
26823240.35,27.1579
26996059.14,27.1072
27168327.05,27.0566
27340043.67,27.0059
27511208.82,26.9552
27681822.5,26.9045
27851884.87,26.8539
28021396.33,26.8032
28190357.41,26.7525
28358768.85,26.7018
28526631.56,26.6512
28693946.63,26.6005
28860715.31,26.5498
29026939.02,26.4991
29192619.35,26.4485
29357758.06,26.3978
29522357.06,26.3471
29686418.42,26.2964
29849944.36,26.2458
30012937.26,26.1951
30175399.63,26.1444
30337334.14,26.0937
30498743.61,26.043
30659630.97,25.9153
30819999.31,25.7104
30979851.85,25.5055
31139191.92,25.3007
31298023,25.0958
31456348.69,24.8909
31614172.7,24.6861
31771498.86,24.4812
31928331.12,24.2763
32084673.54,24.0715
32240530.29,23.8666
32395905.66,23.6617
32550804.01,23.4569
32705229.82,23.252
32859187.69,23.0471
33012682.28,22.8422
33165718.35,22.6374
33318300.77,22.4325
33470434.49,22.2276
33622124.53,22.0228
33773376,21.8179
33924194.1,21.613
34074584.11,21.4082
34224551.36,21.2033
34374101.28,20.9984
34523239.35,20.7936
34671971.15,20.5887
34820302.28,20.3838
34968238.45,20.1789
35115785.41,19.9741
35262948.96,19.9665
35409734.98,20.1561
35556149.4,20.3458
35702198.2,20.5355
35847887.4,20.7251
35993223.1,20.9148
36138211.42,21.1044
36282858.55,21.2941
36427170.72,21.4838
36571154.18,21.6734
36714815.25,21.8631
36858160.28,22.0527
37001195.66,22.2424
37143927.83,22.4321
37286363.23,22.6217
37428508.37,22.8114
37570369.78,23.001
37711954.02,23.1907
37853267.69,23.3804
37994317.41,23.57
38135109.83,23.7597
38275651.62,23.9493
38415949.49,24.139
38556010.17,24.3287
38695840.4,24.5183
38835446.97,24.708
38974836.66,24.8976
39114016.29,25.0873
39252992.7,25.277
39391772.74,25.4666
39530363.28,25.6957
39668771.21,25.9643
39807003.43,26.2328
39945066.86,26.5014
40082968.44,26.7699
40220715.1,27.0385
40358313.82,27.307
40495771.55,27.5756
40633095.29,27.8441
40770292.03,28.1127
40907368.76,28.3812
41044332.51,28.6498
41181190.29,28.9183
41317949.13,29.1869
41454616.07,29.4554
41591198.16,29.724
41727702.44,29.9925
41864135.97,30.2611
42000505.8,30.5296
42136819.01,30.7982
42273082.67,31.0667
42409303.84,31.3353
42545489.6,31.6038
42681647.03,31.8724
42817783.22,32.1409
42953905.24,32.4095
43090020.18,32.678
43226135.11,32.9466
43362257.13,33.2151
43498393.32,33.4837
43634550.75,33.5918
43770736.51,33.5394
43906957.68,33.487
44043221.34,33.4346
44179534.55,33.3822
44315904.38,33.3298
44452337.91,33.2774
44588842.19,33.2249
44725424.28,33.1726
44862091.22,33.1202
44998850.06,33.0677
45135707.84,33.0153
45272671.59,32.9629
45409748.33,32.9105
45546945.06,32.8581
45684268.8,32.8057
45821726.53,32.7533
45959325.25,32.7009
46097071.91,32.6485
46234973.49,32.5961
46373036.92,32.5437
46511269.14,32.4913
46649677.07,32.4389
46788267.61,32.3865
46927047.65,32.3341
47066024.06,32.2817
47205203.69,32.2293
47344593.38,32.1769
47484199.95,32.1245
47624030.18,32.0721
47764090.86,31.9852
47904388.73,31.8639
48044930.52,31.7425
48185722.94,31.6212
48326772.66,31.4998
48468086.33,31.3785
48609670.57,31.2571
48751531.98,31.1358
48893677.12,31.0144
49036112.53,30.8931
49178844.69,30.7717
49321880.07,30.6504
49465225.1,30.529
49608886.17,30.4077
49752869.63,30.2863
49897181.8,30.165
50041828.93,30.0436
50186817.25,29.9223
50332152.95,29.8009
50477842.15,29.6796
50623890.95,29.5582
50770305.37,29.4369
50917091.39,29.3155
51064254.94,29.1942
51211801.9,29.0728
51359738.07,28.9515
51508069.2,28.8301
51656801,28.7088
51805939.07,28.5874
51955488.99,28.4661
52105456.24,28.3608
52255846.25,28.2716
52406664.35,28.1824
52557915.82,28.0931
52709605.86,28.0039
52861739.58,27.9147
53014322,27.8255
53167358.07,27.7363
53320852.66,27.6471
53474810.53,27.5578
53629236.35,27.4686
53784134.69,27.3794
53939510.06,27.2902
54095366.81,27.201
54251709.23,27.1118
54408541.49,27.0225
54565867.65,26.9333
54723691.66,26.8441
54882017.35,26.7549
55040848.43,26.6657
55200188.5,26.5764
55360041.04,26.4872
55520409.38,26.398
55681296.74,26.3088
55842706.21,26.2196
56004640.72,26.1304
56167103.09,26.0411
56330095.99,25.9519
56493621.93,25.8627
56657683.29,25.7735
56822282.29,25.7061
56987421,25.6607
57153101.33,25.6152
57319325.04,25.5697
57486093.72,25.5242
57653408.79,25.4788
57821271.5,25.4333
57989682.94,25.3878
58158644.02,25.3423
58328155.48,25.2969
58498217.85,25.2514
58668831.53,25.2059
58839996.68,25.1605
59011713.3,25.115
59183981.21,25.0695
59357350.31,24.9786
59531268.93,24.9331
59705736.09,24.8876
59880750.61,24.8421
60056311.1,24.7967
60232415.95,24.7512
60409063.35,24.7057
60586251.3,24.6602
60763977.56,24.6148
60942239.68,24.5693
61121035.01,24.5238
61300360.66,24.4784
61480213.53,24.4329
61660590.32,24.3874
61841487.47,24.4192
62022901.23,24.5283
62204827.62,24.6373
62387262.43,24.7464
62570201.23,24.8554
62753639.36,24.9645
62937571.94,25.0735
63121993.87,25.1826
63306899.82,25.2917
63492284.24,25.4007
63678141.35,25.5098
63864465.15,25.6188
64051249.43,25.7279
64238487.73,25.837
64426173.4,25.946
64614299.55,26.0551
64802859.1,26.1641
64991844.71,26.2732
65181248.88,26.3822
65371063.86,26.4913
65561281.7,26.6004
65751894.26,26.7094
65942893.18,26.8185
66134269.89,26.9275
66326015.65,27.0366
66518121.51,27.1457
66710578.32,27.2547
66903376.77,27.3638
67096507.34,27.4728
67289960.34,27.5819
67483725.91,27.6263
67677794.01,27.6061
67872154.45,27.5858
68066796.87,27.5656
68261710.73,27.5454
68456885.39,27.5252
68652310.02,27.5049
68847973.66,27.4847
69043865.23,27.4645
69239973.51,27.4442
69436287.15,27.424
69632794.71,27.4038
69829484.6,27.3835
70026345.15,27.3633
70223364.6,27.3431
70420531.07,27.3229
70617832.62,27.3026
70815257.22,27.2824
71012792.77,27.2622
71210427.1,27.2419
71408148,27.2217
71605943.19,27.2015
71803800.36,27.1812
72001707.16,27.161
72199651.2,27.1408
72397620.08,27.1206
72595601.38,27.1003
72793582.69,27.0801
72991551.57,27.0599
73189495.61,27.0396
73387402.4,27.0325
73585259.57,27.0383
73783054.76,27.0442
73980775.66,27.0501
74178409.99,27.0559
74375945.54,27.0618
74573370.14,27.0677
74770671.69,27.0735
74967838.16,27.0794
75164857.61,27.0853
75361718.16,27.0911
75558408.05,27.097
75754915.61,27.1029
75951229.25,27.1088
76147337.53,27.1146
76343229.1,27.1205
76538892.75,27.1264
76734317.37,27.1322
76929492.03,27.1381
77124405.9,27.144
77319048.31,27.1498
77513408.75,27.1557
77707476.85,27.1616
77901242.42,27.1674
78094695.43,27.1733
78287825.99,27.1792
78480624.44,27.1851
78673081.26,27.1909
78865187.11,27.1968
79056932.87,27.2027
79248309.59,27.2111
79439308.5,27.2222
79629921.06,27.2333
79820138.9,27.2444
80009953.88,27.2555
80199358.05,27.2665
80388343.67,27.2776
80576903.21,27.2887
80765029.37,27.2998
80952715.03,27.3109
81139953.34,27.3219
81326737.61,27.333
81513061.41,27.3441
81698918.52,27.3552
81884302.94,27.3663
82069208.89,27.3773
82253630.82,27.3884
82437563.41,27.3995
82621001.54,27.4106
82803940.33,27.4217
82986375.14,27.4327
83168301.53,27.4438
83349715.29,27.4549
83530612.45,27.466
83710989.23,27.477
83890842.11,27.4881
84070167.75,27.4992
84248963.08,27.5103
84427225.2,27.5214
84604951.46,27.5324
84782139.41,27.5127
84958786.82,27.462
85134891.66,27.4113
85310452.15,27.3606
85485466.67,27.3099
85659933.83,27.2593
85833852.46,27.2086
86007221.56,27.1579
86180040.35,27.1072
86352308.25,27.0566
86524024.88,27.0059
86695190.03,26.9552
86865803.7,26.9045
87035866.08,26.8539
87205377.53,26.8032
87374338.62,26.7525
87542750.06,26.7018
87710612.77,26.6512
87877927.84,26.6005
88044696.51,26.5498
88210920.22,26.4991
88376600.56,26.4485
88541739.27,26.3978
88706338.27,26.3471
88870399.63,26.2964
89033925.57,26.2458
89196918.46,26.1951
89359380.83,26.1444
89521315.35,26.0937
89682724.82,26.043
89843612.18,25.9153
90003980.52,25.7104
90163833.05,25.5055
90323173.13,25.3007
90482004.21,25.0958
90640329.9,24.8909
90798153.9,24.6861
90955480.06,24.4812
91112312.32,24.2763
91268654.75,24.0715
91424511.5,23.8666
91579886.86,23.6617
91734785.21,23.4569
91889211.03,23.252
92043168.89,23.0471
92196663.48,22.8422
92349699.56,22.6374
92502281.98,22.4325
92654415.7,22.2276
92806105.73,22.0228
92957357.21,21.8179
93108175.31,21.613
93258565.31,21.4082
93408532.56,21.2033
93558082.48,20.9984
93707220.56,20.7936
93855952.35,20.5887
94004283.49,20.3838
94152219.66,20.1789
94299766.61,19.9741
94446930.17,19.9665
94593716.19,20.1561
94740130.61,20.3458
94886179.4,20.5355
95031868.61,20.7251
95177204.3,20.9148
95322192.63,21.1044
95466839.76,21.2941
95611151.92,21.4838
95755135.38,21.6734
95898796.45,21.8631
96042141.49,22.0527
96185176.87,22.2424
96327909.03,22.4321
96470344.43,22.6217
96612489.58,22.8114
96754350.99,23.001
96895935.23,23.1907
97037248.9,23.3804
97178298.62,23.57
97319091.03,23.7597
97459632.82,23.9493
97599930.7,24.139
97739991.37,24.3287
97879821.61,24.5183
98019428.17,24.708
98158817.87,24.8976
98297997.5,25.0873
98436973.91,25.277
98575753.95,25.4666
98714344.49,25.6957
98852752.42,25.9643
98990984.64,26.2328
99129048.07,26.5014
99266949.64,26.7699
99404696.31,27.0385
99542295.02,27.307
99679752.76,27.5756
99817076.5,27.8441
99954273.23,28.1127
100091350,28.3812
100228313.7,28.6498
100365171.5,28.9183
100501930.3,29.1869
100638597.3,29.4554
100775179.4,29.724
100911683.6,29.9925
101048117.2,30.2611
101184487,30.5296
101320800.2,30.7982
101457063.9,31.0667
101593285,31.3353
101729470.8,31.6038
101865628.2,31.8724
102001764.4,32.1409
102137886.4,32.4095
102274001.4,32.678
102410116.3,32.9466
102546238.3,33.2151
102682374.5,33.4837
102818532,33.5918
102954717.7,33.5394
103090938.9,33.487
103227202.5,33.4346
103363515.8,33.3822
103499885.6,33.3298
103636319.1,33.2774
103772823.4,33.2249
103909405.5,33.1726
104046072.4,33.1202
104182831.3,33.0677
104319689,33.0153
104456652.8,32.9629
104593729.5,32.9105
104730926.3,32.8581
104868250,32.8057
105005707.7,32.7533
105143306.5,32.7009
105281053.1,32.6485
105418954.7,32.5961
105557018.1,32.5437
105695250.3,32.4913
105833658.3,32.4389
105972248.8,32.3865
106111028.9,32.3341
106250005.3,32.2817
106389184.9,32.2293
106528574.6,32.1769
106668181.2,32.1245
106808011.4,32.0721
106948072.1,31.9852
107088369.9,31.8639
107228911.7,31.7425
107369704.1,31.6212
107510753.9,31.4998
107652067.5,31.3785
107793651.8,31.2571
107935513.2,31.1358
108077658.3,31.0144
108220093.7,30.8931
108362825.9,30.7717
108505861.3,30.6504
108649206.3,30.529
108792867.4,30.4077
108936850.8,30.2863
109081163,30.165
109225810.1,30.0436
109370798.5,29.9223
109516134.2,29.8009
109661823.4,29.6796
109807872.2,29.5582
109954286.6,29.4369
110101072.6,29.3155
110248236.1,29.1942
110395783.1,29.0728
110543719.3,28.9515
110692050.4,28.8301
110840782.2,28.7088
110989920.3,28.5874
111139470.2,28.4661
111289437.4,28.3608
111439827.5,28.2716
111590645.6,28.1824
111741897,28.0931
111893587.1,28.0039
112045720.8,27.9147
112198303.2,27.8255
112351339.3,27.7363
112504833.9,27.6471
112658791.7,27.5578
112813217.6,27.4686
112968115.9,27.3794
113123491.3,27.2902
113279348,27.201
113435690.4,27.1118
113592522.7,27.0225
113749848.9,26.9333
113907672.9,26.8441
114065998.6,26.7549
114224829.6,26.6657
114384169.7,26.5764
114544022.2,26.4872
114704390.6,26.398
114865277.9,26.3088
115026687.4,26.2196
115188621.9,26.1304
115351084.3,26.0411
115514077.2,25.9519
115677603.1,25.8627
115841664.5,25.7735
116006263.5,25.7061
116171402.2,25.6607
116337082.5,25.6152
116503306.2,25.5697
116670074.9,25.5242
116837390,25.4788
117005252.7,25.4333
117173664.1,25.3878
117342625.2,25.3423
117512136.7,25.2969
117682199.1,25.2514
117852812.7,25.2059
118023977.9,25.1605
118195694.5,25.115
118367962.4,25.0695
118541331.5,24.9786
118715250.1,24.9331
118889717.3,24.8876
119064731.8,24.8421
119240292.3,24.7967
119416397.2,24.7512
119593044.6,24.7057
119770232.5,24.6602
119947958.8,24.6148
120126220.9,24.5693
120305016.2,24.5238
120484341.9,24.4784
120664194.7,24.4329
120844571.5,24.3874
121025468.7,24.4192
121206882.4,24.5283
121388808.8,24.6373
121571243.6,24.7464
121754182.4,24.8554
121937620.6,24.9645
122121553.1,25.0735
122305975.1,25.1826
122490881,25.2917
122676265.4,25.4007
122862122.6,25.5098
123048446.4,25.6188
123235230.6,25.7279
123422468.9,25.837
123610154.6,25.946
123798280.8,26.0551
123986840.3,26.1641
124175825.9,26.2732
124365230.1,26.3822
124555045.1,26.4913
124745262.9,26.6004
124935875.5,26.7094
125126874.4,26.8185
125318251.1,26.9275
125509996.9,27.0366
125702102.7,27.1457
125894559.5,27.2547
126087358,27.3638
126280488.5,27.4728
126473941.5,27.5819
126667707.1,27.6263
126861775.2,27.6061
127056135.7,27.5858
127250778.1,27.5656
127445691.9,27.5454
127640866.6,27.5252
127836291.2,27.5049
128031954.9,27.4847
128227846.4,27.4645
128423954.7,27.4442
128620268.4,27.424
128816775.9,27.4038
129013465.8,27.3835
129210326.4,27.3633
129407345.8,27.3431
129604512.3,27.3229
129801813.8,27.3026
129999238.4,27.2824
130196774,27.2622
130394408.3,27.2419
130592129.2,27.2217
130789924.4,27.2015
130987781.6,27.1812
131185688.4,27.161
131383632.4,27.1408
131581601.3,27.1206
131779582.6,27.1003
131977563.9,27.0801
132175532.8,27.0599
132373476.8,27.0396
132571383.6,27.0325
132769240.8,27.0383
132967036,27.0442
133164756.9,27.0501
133362391.2,27.0559
133559926.7,27.0618
133757351.3,27.0677
133954652.9,27.0735
134151819.4,27.0794
134348838.8,27.0853
134545699.4,27.0911
134742389.3,27.097
134938896.8,27.1029
135135210.5,27.1088
135331318.7,27.1146
135527210.3,27.1205
135722874,27.1264
135918298.6,27.1322
136113473.2,27.1381
136308387.1,27.144
136503029.5,27.1498
136697390,27.1557
136891458.1,27.1616
137085223.6,27.1674
137278676.6,27.1733
137471807.2,27.1792
137664605.6,27.1851
137857062.5,27.1909
138049168.3,27.1968
138240914.1,27.2027
138432290.8,27.2111
138623289.7,27.2222
138813902.3,27.2333
139004120.1,27.2444
139193935.1,27.2555
139383339.3,27.2665
139572324.9,27.2776
139760884.4,27.2887
139949010.6,27.2998
140136696.2,27.3109
140323934.5,27.3219
140510718.8,27.333
140697042.6,27.3441
140882899.7,27.3552
141068284.1,27.3663
141253190.1,27.3773
141437612,27.3884
141621544.6,27.3995
141804982.7,27.4106
141987921.5,27.4217
142170356.3,27.4327
142352282.7,27.4438
142533696.5,27.4549
142714593.7,27.466
142894970.4,27.477
143074823.3,27.4881
143254149,27.4992
143432944.3,27.5103
143611206.4,27.5214
143788932.7,27.5324
143966120.6,27.5127
144142768,27.462
144318872.9,27.4113
144494433.4,27.3606
144669447.9,27.3099
144843915,27.2593
145017833.7,27.2086
145191202.8,27.1579
145364021.6,27.1072
145536289.5,27.0566
145708006.1,27.0059
145879171.2,26.9552
146049784.9,26.9045
146219847.3,26.8539
146389358.7,26.8032
146558319.8,26.7525
146726731.3,26.7018
146894594,26.6512
147061909,26.6005
147228677.7,26.5498
147394901.4,26.4991
147560581.8,26.4485
147725720.5,26.3978
147890319.5,26.3471
148054380.8,26.2964
148217906.8,26.2458
148380899.7,26.1951
148543362,26.1444
148705296.6,26.0937
148866706,26.043
149027593.4,25.9153
149187961.7,25.7104
149347814.3,25.5055
149507154.3,25.3007
149665985.4,25.0958
149824311.1,24.8909
149982135.1,24.6861
150139461.3,24.4812
150296293.5,24.2763
150452636,24.0715
150608492.7,23.8666
150763868.1,23.6617
150918766.4,23.4569
151073192.2,23.252
151227150.1,23.0471
151380644.7,22.8422
151533680.8,22.6374
151686263.2,22.4325
151838396.9,22.2276
151990086.9,22.0228
152141338.4,21.8179
152292156.5,21.613
152442546.5,21.4082
152592513.8,21.2033
152742063.7,20.9984
152891201.8,20.7936
153039933.6,20.5887
153188264.7,20.3838
153336200.9,20.1789
153483747.8,19.9741
153630911.4,19.9665
153777697.4,20.1561
153924111.8,20.3458
154070160.6,20.5355
154215849.8,20.7251
154361185.5,20.9148
154506173.8,21.1044
154650821,21.2941
154795133.1,21.4838
154939116.6,21.6734
155082777.7,21.8631
155226122.7,22.0527
155369158.1,22.2424
155511890.2,22.4321
155654325.6,22.6217
155796470.8,22.8114
155938332.2,23.001
156079916.4,23.1907
156221230.1,23.3804
156362279.8,23.57
156503072.2,23.7597
156643614,23.9493
156783911.9,24.139
156923972.6,24.3287
157063802.8,24.5183
157203409.4,24.708
157342799.1,24.8976
157481978.7,25.0873
157620955.1,25.277
157759735.2,25.4666
157898325.7,25.6957
158036733.6,25.9643
158174965.8,26.2328
158313029.3,26.5014
158450930.8,26.7699
158588677.5,27.0385
158726276.2,27.307
158863734,27.5756
159001057.7,27.8441
159138254.4,28.1127
159275331.2,28.3812
159412294.9,28.6498
159549152.7,28.9183
159685911.5,29.1869
159822578.5,29.4554
159959160.6,29.724
160095664.9,29.9925
160232098.4,30.2611
160368468.2,30.5296
160504781.4,30.7982
160641045.1,31.0667
160777266.2,31.3353
160913452,31.6038
161049609.4,31.8724
161185745.6,32.1409
161321867.7,32.4095
161457982.6,32.678
161594097.5,32.9466
161730219.5,33.2151
161866355.7,33.4837
162002513.2,33.5918
162138698.9,33.5394
162274920.1,33.487
162411183.8,33.4346
162547497,33.3822
162683866.8,33.3298
162820300.3,33.2774
162956804.6,33.2249
163093386.7,33.1726
163230053.6,33.1202
163366812.5,33.0677
163503670.3,33.0153
163640634,32.9629
163777710.7,32.9105
163914907.5,32.8581
164052231.2,32.8057
164189688.9,32.7533
164327287.7,32.7009
164465034.3,32.6485
164602935.9,32.5961
164740999.3,32.5437
164879231.6,32.4913
165017639.5,32.4389
165156230,32.3865
165295010.1,32.3341
165433986.5,32.2817
165573166.1,32.2293
165712555.8,32.1769
165852162.4,32.1245
165991992.6,32.0721
166132053.3,31.9852
166272351.1,31.8639
166412892.9,31.7425
166553685.4,31.6212
166694735.1,31.4998
166836048.7,31.3785
166977633,31.2571
167119494.4,31.1358
167261639.5,31.0144
167404074.9,30.8931
167546807.1,30.7717
167689842.5,30.6504
167833187.5,30.529
167976848.6,30.4077
168120832,30.2863
168265144.2,30.165
168409791.3,30.0436
168554779.7,29.9223
168700115.4,29.8009
168845804.6,29.6796
168991853.4,29.5582
169138267.8,29.4369
169285053.8,29.3155
169432217.4,29.1942
169579764.3,29.0728
169727700.5,28.9515
169876031.6,28.8301
170024763.4,28.7088
170173901.5,28.5874
170323451.4,28.4661
170473418.7,28.3608
170623808.7,28.2716
170774626.8,28.1824
170925878.2,28.0931
171077568.3,28.0039
171229702,27.9147
171382284.4,27.8255
171535320.5,27.7363
171688815.1,27.6471
171842772.9,27.5578
171997198.8,27.4686
172152097.1,27.3794
172307472.5,27.2902
172463329.2,27.201
172619671.6,27.1118
172776503.9,27.0225
172933830.1,26.9333
173091654.1,26.8441
173249979.8,26.7549
173408810.8,26.6657
173568150.9,26.5764
173728003.4,26.4872
173888371.8,26.398
174049259.2,26.3088
174210668.6,26.2196
174372603.1,26.1304
174535065.5,26.0411
174698058.4,25.9519
174861584.3,25.8627
175025645.7,25.7735
175190244.7,25.7061
175355383.4,25.6607
175521063.7,25.6152
175687287.5,25.5697
175854056.1,25.5242
176021371.2,25.4788
176189233.9,25.4333
176357645.4,25.3878
176526606.4,25.3423
176696117.9,25.2969
176866180.3,25.2514
177036793.9,25.2059
177207959.1,25.1605
177379675.7,25.115
177551943.6,25.0695
