time (s),heat  generation (W/m^3)
0,49.666392
173369.1002,50.1602112
347287.7242,50.6540304
521754.8889,51.1478928
696769.4083,51.641712
872329.8916,52.1355312
1048434.741,52.6293504
1225082.148,53.1232128
1402270.097,53.617032
1579996.354,54.1108512
1758258.476,54.6047136
1937053.801,55.0985328
2116379.45,55.5923952
2296232.326,56.0862144
2476609.11,56.5800336
2657506.264,56.9733264
2838920.028,57.2660928
3020846.417,57.558816
3203281.225,57.8515824
3386220.021,58.1443488
3569658.15,58.4371152
3753590.732,58.7298384
3938012.662,59.0226048
4122918.613,59.3153712
4308303.032,59.6081376
4494160.142,59.9008608
4680483.945,60.1936272
4867268.219,60.4863936
5054506.522,60.7791168
5242192.191,61.0718832
5430318.346,61.3646496
5618877.89,61.6573728
5807863.508,61.9501392
5997267.675,62.2429056
6187082.654,62.535672
6377300.498,62.8284384
6567913.055,63.1211616
6758911.969,63.413928
6950288.683,63.7066944
7142034.443,63.9994608
7334140.301,64.292184
7526597.116,64.5849504
7719395.562,64.8777168
7912526.131,65.17044
8105979.132,65.4632064
8299744.703,65.7284544
8493812.808,65.966184
8688173.248,66.2039568
8882815.661,66.4416864
9077729.529,66.679416
9272904.183,66.9171456
9468328.809,67.1549184
9663992.452,67.392648
9859884.023,67.6303776
10055992.3,67.8681072
10252305.95,68.10588
10448813.5,68.3436096
10645503.39,68.5813392
10842363.95,68.8190688
11039383.39,69.0568416
11236549.87,69.2945712
11433851.42,69.5323008
11631276.01,69.7700304
11828811.56,70.0078032
12026445.9,70.2455328
12224166.8,70.4832624
12421961.99,70.720992
12619819.16,70.9587648
12817725.95,71.1964944
13015669.99,71.434224
13213638.87,71.6719536
13411620.18,71.9097264
13609601.48,72.147456
13807570.36,72.3851856
14005514.4,72.6229584
14203421.19,72.7916976
14401278.36,72.8914032
14599073.55,72.991152
14796794.45,73.0909008
14994428.79,73.1906064
15191964.34,73.2903552
15389388.93,73.390104
15586690.48,73.4898096
15783856.96,73.5895584
15980876.4,73.6893072
16177736.96,73.7890128
16374426.85,73.8887616
16570934.4,73.9885104
16767248.05,74.0882592
16963356.33,74.1879648
17159247.9,74.2877136
17354911.54,74.3874624
17550336.17,74.4872112
17745510.82,74.5869168
17940424.69,74.6866656
18135067.1,74.7864144
18329427.54,74.88612
18523495.65,74.9858688
18717261.22,75.0855744
18910714.22,75.1853232
19103844.79,75.285072
19296643.23,75.3848208
19489100.05,75.4845264
19681205.91,75.5842752
19872951.67,75.684024
20064328.38,75.6901152
20255327.29,75.6025056
20445939.85,75.5149392
20636157.7,75.4273296
20825972.67,75.3397632
21015376.84,75.2521536
21204362.46,75.1645872
21392922,75.0770208
21581048.16,74.9894112
21768733.83,74.9018448
21955972.13,74.8142352
22142756.41,74.7266688
22329080.21,74.6390592
22514937.32,74.5514928
22700321.74,74.4638832
22885227.69,74.3763168
23069649.62,74.2887504
23253582.2,74.2011408
23437020.33,74.1135312
23619959.13,74.0259648
23802393.93,73.9383984
23984320.32,73.8507888
24165734.09,73.7632224
24346631.24,73.675656
24527008.02,73.5880464
24706860.9,73.50048
24886186.55,73.4128704
25064981.87,73.325304
25243244,73.2377376
25420970.25,73.150128
25598158.2,72.9744768
25774805.61,72.710784
25950910.46,72.4470912
26126470.94,72.1833984
26301485.46,71.9196624
26475952.63,71.6559696
26649871.25,71.3922768
26823240.35,71.128584
26996059.14,70.864848
27168327.05,70.6011552
27340043.67,70.3374624
27511208.82,70.0737264
27681822.5,69.8100768
27851884.87,69.5463408
28021396.33,69.282648
28190357.41,69.0189552
28358768.85,68.7552624
28526631.56,68.4915264
28693946.63,68.2278336
28860715.31,67.9641408
29026939.02,67.7004048
29192619.35,67.436712
29357758.06,67.1730192
29522357.06,66.9092832
29686418.42,66.6455904
29849944.36,66.3818976
30012937.26,66.1182048
30175399.63,65.854512
30337334.14,65.5908192
30498743.61,65.3270832
30659630.97,64.9744848
30819999.31,64.5329376
30979851.85,64.0913904
31139191.92,63.6498432
31298023,63.208296
31456348.69,62.7667488
31614172.7,62.3252016
31771498.86,61.8836976
31928331.12,61.4421504
32084673.54,61.0006032
32240530.29,60.559056
32395905.66,60.1175088
32550804.01,59.6759616
32705229.82,59.2344144
32859187.69,58.7928672
33012682.28,58.35132
33165718.35,57.909816
33318300.77,57.4682688
33470434.49,57.0267216
33622124.53,56.5851744
33773376,56.1436272
33924194.1,55.70208
34074584.11,55.2605328
34224551.36,54.8189856
34374101.28,54.3774816
34523239.35,53.9359344
34671971.15,53.4943872
34820302.28,53.05284
34968238.45,52.6112928
35115785.41,52.1697456
35262948.96,51.5980368
35409734.98,50.8962096
35556149.4,50.1943392
35702198.2,49.4924688
35847887.4,48.7905984
35993223.1,48.088728
36138211.42,47.3868576
36282858.55,46.6850304
36427170.72,45.98316
36571154.18,45.2812896
36714815.25,44.5794192
36858160.28,43.8775488
37001195.66,43.1756784
37143927.83,42.4738512
37286363.23,41.7719808
37428508.37,41.0701104
37570369.78,40.36824
37711954.02,39.6663696
37853267.69,38.9644992
37994317.41,38.2626288
38135109.83,37.5608016
38275651.62,36.8589312
38415949.49,36.1570608
38556010.17,35.4551904
38695840.4,34.75332
38835446.97,34.0514496
38974836.66,33.3496224
39114016.29,32.647752
39252992.7,31.9458816
39391772.74,31.2440112
39530363.28,30.6782208
39668771.21,30.2485536
39807003.43,29.8188864
39945066.86,29.3892192
40082968.44,28.959552
40220715.1,28.5298416
40358313.82,28.1001744
40495771.55,27.6705072
40633095.29,27.24084
40770292.03,26.8111728
40907368.76,26.3814624
41044332.51,25.9517952
41181190.29,25.522128
41317949.13,25.0924608
41454616.07,24.6627504
41591198.16,24.2330832
41727702.44,23.803416
41864135.97,23.3737488
42000505.8,22.9440384
42136819.01,22.5143712
42273082.67,22.084704
42409303.84,21.6550368
42545489.6,21.2253696
42681647.03,20.7956592
42817783.22,20.365992
42953905.24,19.9363248
43090020.18,19.5066576
43226135.11,19.0769472
43362257.13,18.64728
43498393.32,18.2176128
43634550.75,18.011592
43770736.51,18.0291744
43906957.68,18.0467568
44043221.34,18.0643392
44179534.55,18.0819216
44315904.38,18.099504
44452337.91,18.1170864
44588842.19,18.1346688
44725424.28,18.1522512
44862091.22,18.1698336
44998850.06,18.187416
45135707.84,18.2049984
45272671.59,18.2225808
45409748.33,18.2401632
45546945.06,18.2577456
45684268.8,18.275328
45821726.53,18.2929104
45959325.25,18.3104928
46097071.91,18.3281184
46234973.49,18.3457008
46373036.92,18.3632832
46511269.14,18.3808656
46649677.07,18.398448
46788267.61,18.4160304
46927047.65,18.4336128
47066024.06,18.4511952
47205203.69,18.4687776
47344593.38,18.48636
47484199.95,18.5039424
47624030.18,18.5215248
47764090.86,18.6647328
47904388.73,18.9335232
48044930.52,19.2023136
48185722.94,19.4711472
48326772.66,19.7399376
48468086.33,20.008728
48609670.57,20.2775184
48751531.98,20.546352
48893677.12,20.8151424
49036112.53,21.0839328
49178844.69,21.3527232
49321880.07,21.6215568
49465225.1,21.8903472
49608886.17,22.1591376
49752869.63,22.427928
49897181.8,22.6967616
50041828.93,22.965552
50186817.25,23.2343424
50332152.95,23.5031328
50477842.15,23.7719664
50623890.95,24.0407568
50770305.37,24.3095472
50917091.39,24.5783376
51064254.94,24.8471712
51211801.9,25.1159616
51359738.07,25.384752
51508069.2,25.6535424
51656801,25.922376
51805939.07,26.1911664
51955488.99,26.4599568
52105456.24,26.8513056
52255846.25,27.365256
52406664.35,27.8791632
52557915.82,28.3930704
52709605.86,28.9070208
52861739.58,29.420928
53014322,29.9348352
53167358.07,30.4487856
53320852.66,30.9626928
53474810.53,31.4766
53629236.35,31.9905072
53784134.69,32.5044576
53939510.06,33.0183648
54095366.81,33.532272
54251709.23,34.0462224
54408541.49,34.5601296
54565867.65,35.0740368
54723691.66,35.5879872
54882017.35,36.1018944
55040848.43,36.6158016
55200188.5,37.1297088
55360041.04,37.6436592
55520409.38,38.1575664
55681296.74,38.6714736
55842706.21,39.185424
56004640.72,39.6993312
56167103.09,40.2132384
56330095.99,40.7271888
56493621.93,41.241096
56657683.29,41.7550032
56822282.29,42.258888
56987421,42.7527072
57153101.33,43.2465696
57319325.04,43.7403888
57486093.72,44.234208
57653408.79,44.7280704
57821271.5,45.2218896
57989682.94,45.7157088
58158644.02,46.2095712
58328155.48,46.7033904
58498217.85,47.1972096
58668831.53,47.6910288
58839996.68,48.1848912
59011713.3,48.6787104
59183981.21,49.1725296
59357350.31,50.1602112
59531268.93,50.6540304
59705736.09,51.1478928
59880750.61,51.641712
60056311.1,52.1355312
60232415.95,52.6293504
60409063.35,53.1232128
60586251.3,53.617032
60763977.56,54.1108512
60942239.68,54.6047136
61121035.01,55.0985328
61300360.66,55.5923952
61480213.53,56.0862144
61660590.32,56.5800336
61841487.47,56.9733264
62022901.23,57.2660928
62204827.62,57.558816
62387262.43,57.8515824
62570201.23,58.1443488
62753639.36,58.4371152
62937571.94,58.7298384
63121993.87,59.0226048
63306899.82,59.3153712
63492284.24,59.6081376
63678141.35,59.9008608
63864465.15,60.1936272
64051249.43,60.4863936
64238487.73,60.7791168
64426173.4,61.0718832
64614299.55,61.3646496
64802859.1,61.6573728
64991844.71,61.9501392
65181248.88,62.2429056
65371063.86,62.535672
65561281.7,62.8284384
65751894.26,63.1211616
65942893.18,63.413928
66134269.89,63.7066944
66326015.65,63.9994608
66518121.51,64.292184
66710578.32,64.5849504
66903376.77,64.8777168
67096507.34,65.17044
67289960.34,65.4632064
67483725.91,65.7284544
67677794.01,65.966184
67872154.45,66.2039568
68066796.87,66.4416864
68261710.73,66.679416
68456885.39,66.9171456
68652310.02,67.1549184
68847973.66,67.392648
69043865.23,67.6303776
69239973.51,67.8681072
69436287.15,68.10588
69632794.71,68.3436096
69829484.6,68.5813392
70026345.15,68.8190688
70223364.6,69.0568416
70420531.07,69.2945712
70617832.62,69.5323008
70815257.22,69.7700304
71012792.77,70.0078032
71210427.1,70.2455328
71408148,70.4832624
71605943.19,70.720992
71803800.36,70.9587648
72001707.16,71.1964944
72199651.2,71.434224
72397620.08,71.6719536
72595601.38,71.9097264
72793582.69,72.147456
72991551.57,72.3851856
73189495.61,72.6229584
73387402.4,72.7916976
73585259.57,72.8914032
73783054.76,72.991152
73980775.66,73.0909008
74178409.99,73.1906064
74375945.54,73.2903552
74573370.14,73.390104
74770671.69,73.4898096
74967838.16,73.5895584
75164857.61,73.6893072
75361718.16,73.7890128
75558408.05,73.8887616
75754915.61,73.9885104
75951229.25,74.0882592
76147337.53,74.1879648
76343229.1,74.2877136
76538892.75,74.3874624
76734317.37,74.4872112
76929492.03,74.5869168
77124405.9,74.6866656
77319048.31,74.7864144
77513408.75,74.88612
77707476.85,74.9858688
77901242.42,75.0855744
78094695.43,75.1853232
78287825.99,75.285072
78480624.44,75.3848208
78673081.26,75.4845264
78865187.11,75.5842752
79056932.87,75.684024
79248309.59,75.6901152
79439308.5,75.6025056
79629921.06,75.5149392
79820138.9,75.4273296
80009953.88,75.3397632
80199358.05,75.2521536
80388343.67,75.1645872
80576903.21,75.0770208
80765029.37,74.9894112
80952715.03,74.9018448
81139953.34,74.8142352
81326737.61,74.7266688
81513061.41,74.6390592
81698918.52,74.5514928
81884302.94,74.4638832
82069208.89,74.3763168
82253630.82,74.2887504
82437563.41,74.2011408
82621001.54,74.1135312
82803940.33,74.0259648
82986375.14,73.9383984
83168301.53,73.8507888
83349715.29,73.7632224
83530612.45,73.675656
83710989.23,73.5880464
83890842.11,73.50048
84070167.75,73.4128704
84248963.08,73.325304
84427225.2,73.2377376
84604951.46,73.150128
84782139.41,72.9744768
84958786.82,72.710784
85134891.66,72.4470912
85310452.15,72.1833984
85485466.67,71.9196624
85659933.83,71.6559696
85833852.46,71.3922768
86007221.56,71.128584
86180040.35,70.864848
86352308.25,70.6011552
86524024.88,70.3374624
86695190.03,70.0737264
86865803.7,69.8100768
87035866.08,69.5463408
87205377.53,69.282648
87374338.62,69.0189552
87542750.06,68.7552624
87710612.77,68.4915264
87877927.84,68.2278336
88044696.51,67.9641408
88210920.22,67.7004048
88376600.56,67.436712
88541739.27,67.1730192
88706338.27,66.9092832
88870399.63,66.6455904
89033925.57,66.3818976
89196918.46,66.1182048
89359380.83,65.854512
89521315.35,65.5908192
89682724.82,65.3270832
89843612.18,64.9744848
90003980.52,64.5329376
90163833.05,64.0913904
90323173.13,63.6498432
90482004.21,63.208296
90640329.9,62.7667488
90798153.9,62.3252016
90955480.06,61.8836976
91112312.32,61.4421504
91268654.75,61.0006032
91424511.5,60.559056
91579886.86,60.1175088
91734785.21,59.6759616
91889211.03,59.2344144
92043168.89,58.7928672
92196663.48,58.35132
92349699.56,57.909816
92502281.98,57.4682688
92654415.7,57.0267216
92806105.73,56.5851744
92957357.21,56.1436272
93108175.31,55.70208
93258565.31,55.2605328
93408532.56,54.8189856
93558082.48,54.3774816
93707220.56,53.9359344
93855952.35,53.4943872
94004283.49,53.05284
94152219.66,52.6112928
94299766.61,52.1697456
94446930.17,51.5980368
94593716.19,50.8962096
94740130.61,50.1943392
94886179.4,49.4924688
95031868.61,48.7905984
95177204.3,48.088728
95322192.63,47.3868576
95466839.76,46.6850304
95611151.92,45.98316
95755135.38,45.2812896
95898796.45,44.5794192
96042141.49,43.8775488
96185176.87,43.1756784
96327909.03,42.4738512
96470344.43,41.7719808
96612489.58,41.0701104
96754350.99,40.36824
96895935.23,39.6663696
97037248.9,38.9644992
97178298.62,38.2626288
97319091.03,37.5608016
97459632.82,36.8589312
97599930.7,36.1570608
97739991.37,35.4551904
97879821.61,34.75332
98019428.17,34.0514496
98158817.87,33.3496224
98297997.5,32.647752
98436973.91,31.9458816
98575753.95,31.2440112
98714344.49,30.6782208
98852752.42,30.2485536
98990984.64,29.8188864
99129048.07,29.3892192
99266949.64,28.959552
99404696.31,28.5298416
99542295.02,28.1001744
99679752.76,27.6705072
99817076.5,27.24084
99954273.23,26.8111728
100091350,26.3814624
100228313.7,25.9517952
100365171.5,25.522128
100501930.3,25.0924608
100638597.3,24.6627504
100775179.4,24.2330832
100911683.6,23.803416
101048117.2,23.3737488
101184487,22.9440384
101320800.2,22.5143712
101457063.9,22.084704
101593285,21.6550368
101729470.8,21.2253696
101865628.2,20.7956592
102001764.4,20.365992
102137886.4,19.9363248
102274001.4,19.5066576
102410116.3,19.0769472
102546238.3,18.64728
102682374.5,18.2176128
102818532,18.011592
102954717.7,18.0291744
103090938.9,18.0467568
103227202.5,18.0643392
103363515.8,18.0819216
103499885.6,18.099504
103636319.1,18.1170864
103772823.4,18.1346688
103909405.5,18.1522512
104046072.4,18.1698336
104182831.3,18.187416
104319689,18.2049984
104456652.8,18.2225808
104593729.5,18.2401632
104730926.3,18.2577456
104868250,18.275328
105005707.7,18.2929104
105143306.5,18.3104928
105281053.1,18.3281184
105418954.7,18.3457008
105557018.1,18.3632832
105695250.3,18.3808656
105833658.3,18.398448
105972248.8,18.4160304
106111028.9,18.4336128
106250005.3,18.4511952
106389184.9,18.4687776
106528574.6,18.48636
106668181.2,18.5039424
106808011.4,18.5215248
106948072.1,18.6647328
107088369.9,18.9335232
107228911.7,19.2023136
107369704.1,19.4711472
107510753.9,19.7399376
107652067.5,20.008728
107793651.8,20.2775184
107935513.2,20.546352
108077658.3,20.8151424
108220093.7,21.0839328
108362825.9,21.3527232
108505861.3,21.6215568
108649206.3,21.8903472
108792867.4,22.1591376
108936850.8,22.427928
109081163,22.6967616
109225810.1,22.965552
109370798.5,23.2343424
109516134.2,23.5031328
109661823.4,23.7719664
109807872.2,24.0407568
109954286.6,24.3095472
110101072.6,24.5783376
110248236.1,24.8471712
110395783.1,25.1159616
110543719.3,25.384752
110692050.4,25.6535424
110840782.2,25.922376
110989920.3,26.1911664
111139470.2,26.4599568
111289437.4,26.8513056
111439827.5,27.365256
111590645.6,27.8791632
111741897,28.3930704
111893587.1,28.9070208
112045720.8,29.420928
112198303.2,29.9348352
112351339.3,30.4487856
112504833.9,30.9626928
112658791.7,31.4766
112813217.6,31.9905072
112968115.9,32.5044576
113123491.3,33.0183648
113279348,33.532272
113435690.4,34.0462224
113592522.7,34.5601296
113749848.9,35.0740368
113907672.9,35.5879872
114065998.6,36.1018944
114224829.6,36.6158016
114384169.7,37.1297088
114544022.2,37.6436592
114704390.6,38.1575664
114865277.9,38.6714736
115026687.4,39.185424
115188621.9,39.6993312
115351084.3,40.2132384
115514077.2,40.7271888
115677603.1,41.241096
115841664.5,41.7550032
116006263.5,42.258888
116171402.2,42.7527072
116337082.5,43.2465696
116503306.2,43.7403888
116670074.9,44.234208
116837390,44.7280704
117005252.7,45.2218896
117173664.1,45.7157088
117342625.2,46.2095712
117512136.7,46.7033904
117682199.1,47.1972096
117852812.7,47.6910288
118023977.9,48.1848912
118195694.5,48.6787104
118367962.4,49.1725296
118541331.5,50.1602112
118715250.1,50.6540304
118889717.3,51.1478928
119064731.8,51.641712
119240292.3,52.1355312
119416397.2,52.6293504
119593044.6,53.1232128
119770232.5,53.617032
119947958.8,54.1108512
120126220.9,54.6047136
120305016.2,55.0985328
120484341.9,55.5923952
120664194.7,56.0862144
120844571.5,56.5800336
121025468.7,56.9733264
121206882.4,57.2660928
121388808.8,57.558816
121571243.6,57.8515824
121754182.4,58.1443488
121937620.6,58.4371152
122121553.1,58.7298384
122305975.1,59.0226048
122490881,59.3153712
122676265.4,59.6081376
122862122.6,59.9008608
123048446.4,60.1936272
123235230.6,60.4863936
123422468.9,60.7791168
123610154.6,61.0718832
123798280.8,61.3646496
123986840.3,61.6573728
124175825.9,61.9501392
124365230.1,62.2429056
124555045.1,62.535672
124745262.9,62.8284384
124935875.5,63.1211616
125126874.4,63.413928
125318251.1,63.7066944
125509996.9,63.9994608
125702102.7,64.292184
125894559.5,64.5849504
126087358,64.8777168
126280488.5,65.17044
126473941.5,65.4632064
126667707.1,65.7284544
126861775.2,65.966184
127056135.7,66.2039568
127250778.1,66.4416864
127445691.9,66.679416
127640866.6,66.9171456
127836291.2,67.1549184
128031954.9,67.392648
128227846.4,67.6303776
128423954.7,67.8681072
128620268.4,68.10588
128816775.9,68.3436096
129013465.8,68.5813392
129210326.4,68.8190688
129407345.8,69.0568416
129604512.3,69.2945712
129801813.8,69.5323008
129999238.4,69.7700304
130196774,70.0078032
130394408.3,70.2455328
130592129.2,70.4832624
130789924.4,70.720992
130987781.6,70.9587648
131185688.4,71.1964944
131383632.4,71.434224
131581601.3,71.6719536
131779582.6,71.9097264
131977563.9,72.147456
132175532.8,72.3851856
132373476.8,72.6229584
132571383.6,72.7916976
132769240.8,72.8914032
132967036,72.991152
133164756.9,73.0909008
133362391.2,73.1906064
133559926.7,73.2903552
133757351.3,73.390104
133954652.9,73.4898096
134151819.4,73.5895584
134348838.8,73.6893072
134545699.4,73.7890128
134742389.3,73.8887616
134938896.8,73.9885104
135135210.5,74.0882592
135331318.7,74.1879648
135527210.3,74.2877136
135722874,74.3874624
135918298.6,74.4872112
136113473.2,74.5869168
136308387.1,74.6866656
136503029.5,74.7864144
136697390,74.88612
136891458.1,74.9858688
137085223.6,75.0855744
137278676.6,75.1853232
137471807.2,75.285072
137664605.6,75.3848208
137857062.5,75.4845264
138049168.3,75.5842752
138240914.1,75.684024
138432290.8,75.6901152
138623289.7,75.6025056
138813902.3,75.5149392
139004120.1,75.4273296
139193935.1,75.3397632
139383339.3,75.2521536
139572324.9,75.1645872
139760884.4,75.0770208
139949010.6,74.9894112
140136696.2,74.9018448
140323934.5,74.8142352
140510718.8,74.7266688
140697042.6,74.6390592
140882899.7,74.5514928
141068284.1,74.4638832
141253190.1,74.3763168
141437612,74.2887504
141621544.6,74.2011408
141804982.7,74.1135312
141987921.5,74.0259648
142170356.3,73.9383984
142352282.7,73.8507888
142533696.5,73.7632224
142714593.7,73.675656
142894970.4,73.5880464
143074823.3,73.50048
143254149,73.4128704
143432944.3,73.325304
143611206.4,73.2377376
143788932.7,73.150128
143966120.6,72.9744768
144142768,72.710784
144318872.9,72.4470912
144494433.4,72.1833984
144669447.9,71.9196624
144843915,71.6559696
145017833.7,71.3922768
145191202.8,71.128584
145364021.6,70.864848
145536289.5,70.6011552
145708006.1,70.3374624
145879171.2,70.0737264
146049784.9,69.8100768
146219847.3,69.5463408
146389358.7,69.282648
146558319.8,69.0189552
146726731.3,68.7552624
146894594,68.4915264
147061909,68.2278336
147228677.7,67.9641408
147394901.4,67.7004048
147560581.8,67.436712
147725720.5,67.1730192
147890319.5,66.9092832
148054380.8,66.6455904
148217906.8,66.3818976
148380899.7,66.1182048
148543362,65.854512
148705296.6,65.5908192
148866706,65.3270832
149027593.4,64.9744848
149187961.7,64.5329376
149347814.3,64.0913904
149507154.3,63.6498432
149665985.4,63.208296
149824311.1,62.7667488
149982135.1,62.3252016
150139461.3,61.8836976
150296293.5,61.4421504
150452636,61.0006032
150608492.7,60.559056
150763868.1,60.1175088
150918766.4,59.6759616
151073192.2,59.2344144
151227150.1,58.7928672
151380644.7,58.35132
151533680.8,57.909816
151686263.2,57.4682688
151838396.9,57.0267216
151990086.9,56.5851744
152141338.4,56.1436272
152292156.5,55.70208
152442546.5,55.2605328
152592513.8,54.8189856
152742063.7,54.3774816
152891201.8,53.9359344
153039933.6,53.4943872
153188264.7,53.05284
153336200.9,52.6112928
153483747.8,52.1697456
153630911.4,51.5980368
153777697.4,50.8962096
153924111.8,50.1943392
154070160.6,49.4924688
154215849.8,48.7905984
154361185.5,48.088728
154506173.8,47.3868576
154650821,46.6850304
154795133.1,45.98316
154939116.6,45.2812896
155082777.7,44.5794192
155226122.7,43.8775488
155369158.1,43.1756784
155511890.2,42.4738512
155654325.6,41.7719808
155796470.8,41.0701104
155938332.2,40.36824
156079916.4,39.6663696
156221230.1,38.9644992
156362279.8,38.2626288
156503072.2,37.5608016
156643614,36.8589312
156783911.9,36.1570608
156923972.6,35.4551904
157063802.8,34.75332
157203409.4,34.0514496
157342799.1,33.3496224
157481978.7,32.647752
157620955.1,31.9458816
157759735.2,31.2440112
157898325.7,30.6782208
158036733.6,30.2485536
158174965.8,29.8188864
158313029.3,29.3892192
158450930.8,28.959552
158588677.5,28.5298416
158726276.2,28.1001744
158863734,27.6705072
159001057.7,27.24084
159138254.4,26.8111728
159275331.2,26.3814624
159412294.9,25.9517952
159549152.7,25.522128
159685911.5,25.0924608
159822578.5,24.6627504
159959160.6,24.2330832
160095664.9,23.803416
160232098.4,23.3737488
160368468.2,22.9440384
160504781.4,22.5143712
160641045.1,22.084704
160777266.2,21.6550368
160913452,21.2253696
161049609.4,20.7956592
161185745.6,20.365992
161321867.7,19.9363248
161457982.6,19.5066576
161594097.5,19.0769472
161730219.5,18.64728
161866355.7,18.2176128
162002513.2,18.011592
162138698.9,18.0291744
162274920.1,18.0467568
162411183.8,18.0643392
162547497,18.0819216
162683866.8,18.099504
162820300.3,18.1170864
162956804.6,18.1346688
163093386.7,18.1522512
163230053.6,18.1698336
163366812.5,18.187416
163503670.3,18.2049984
163640634,18.2225808
163777710.7,18.2401632
163914907.5,18.2577456
164052231.2,18.275328
164189688.9,18.2929104
164327287.7,18.3104928
164465034.3,18.3281184
164602935.9,18.3457008
164740999.3,18.3632832
164879231.6,18.3808656
165017639.5,18.398448
165156230,18.4160304
165295010.1,18.4336128
165433986.5,18.4511952
165573166.1,18.4687776
165712555.8,18.48636
165852162.4,18.5039424
165991992.6,18.5215248
166132053.3,18.6647328
166272351.1,18.9335232
166412892.9,19.2023136
166553685.4,19.4711472
166694735.1,19.7399376
166836048.7,20.008728
166977633,20.2775184
167119494.4,20.546352
167261639.5,20.8151424
167404074.9,21.0839328
167546807.1,21.3527232
167689842.5,21.6215568
167833187.5,21.8903472
167976848.6,22.1591376
168120832,22.427928
168265144.2,22.6967616
168409791.3,22.965552
168554779.7,23.2343424
168700115.4,23.5031328
168845804.6,23.7719664
168991853.4,24.0407568
169138267.8,24.3095472
169285053.8,24.5783376
169432217.4,24.8471712
169579764.3,25.1159616
169727700.5,25.384752
169876031.6,25.6535424
170024763.4,25.922376
170173901.5,26.1911664
170323451.4,26.4599568
170473418.7,26.8513056
170623808.7,27.365256
170774626.8,27.8791632
170925878.2,28.3930704
171077568.3,28.9070208
171229702,29.420928
171382284.4,29.9348352
171535320.5,30.4487856
171688815.1,30.9626928
171842772.9,31.4766
171997198.8,31.9905072
172152097.1,32.5044576
172307472.5,33.0183648
172463329.2,33.532272
172619671.6,34.0462224
172776503.9,34.5601296
172933830.1,35.0740368
173091654.1,35.5879872
173249979.8,36.1018944
173408810.8,36.6158016
173568150.9,37.1297088
173728003.4,37.6436592
173888371.8,38.1575664
174049259.2,38.6714736
174210668.6,39.185424
174372603.1,39.6993312
174535065.5,40.2132384
174698058.4,40.7271888
174861584.3,41.241096
175025645.7,41.7550032
175190244.7,42.258888
175355383.4,42.7527072
175521063.7,43.2465696
175687287.5,43.7403888
175854056.1,44.234208
176021371.2,44.7280704
176189233.9,45.2218896
176357645.4,45.7157088
176526606.4,46.2095712
176696117.9,46.7033904
176866180.3,47.1972096
177036793.9,47.6910288
177207959.1,48.1848912
177379675.7,48.6787104
177551943.6,49.1725296
