time (s),heat generation (W/m^3)
10000,458.3846389
15870,457.7196145
21740,456.9103493
39351,453.6509008
56961,450.0247553
74571,446.3329518
127400,435.9641812
180230,426.589491
203290,422.6397129
226350,418.8611714
295530,409.0289938
395530,396.7966969
495530,386.4323566
595530,377.5165435
695530,369.7473
795530,363.0241846
895530,356.8924741
995530,351.2745292
1095500,346.141834
1195500,341.3867271
1295500,337.0402548
1395500,332.9804363
1495500,329.215785
1595500,325.5515342
1695500,322.0146402
1795500,318.487453
1895500,315.1230277
1995500,311.9190723
2095500,308.8359161
2195500,305.8699426
2295500,303.0047981
2395500,300.3617912
2495500,297.6669344
2595500,295.1289939
2695500,292.9735459
2795500,290.7833988
2895500,288.4039407
2995500,286.2394952
3095500,284.3252478
3195500,282.4299915
3295500,280.5800922
3395500,278.7367968
3495500,276.9790669
3595500,275.2682569
3695500,273.5916379
3795500,271.9628324
3895500,270.3357546
3995500,268.6370683
4095500,267.160577
4195500,265.5526199
4295500,264.1485102
4395500,262.7138359
4495500,261.2957138
4595500,259.6841143
4695500,258.2718274
4795500,256.8627773
4895500,255.4160119
4995500,254.157305
5095500,252.8751922
5195500,251.5626491
5295500,250.1781015
5395500,248.8385722
5495500,247.6413881
5595500,246.2820116
5695500,245.0933925
5795500,243.8813989
5895500,242.6668581
5995500,241.4427645
6095500,240.2231042
6195500,239.0079175
6295500,237.7972449
6395500,236.4852085
6495500,235.1985466
6595500,233.9799938
6695500,233.1496562
6795500,231.7631689
6895500,230.5018571
6995500,229.659496
7095500,228.3794041
7195500,227.1611344
7295500,225.8828789
7395500,224.7099555
7495500,223.8522071
7595500,222.5379992
7695500,221.6337307
7795500,220.2856837
7895500,219.1018736
7995500,217.9157653
8095500,216.7273557
8195500,215.8363637
8295500,214.5706924
8395500,213.3464493
8495500,212.6122078
8595500,211.5828061
8695500,210.8022651
8795500,209.6960498
8895500,208.7505248
8995500,208.0700436
9095500,207.0998187
9195500,206.3655978
9295500,205.229202
9395500,204.5672159
9495500,203.8374822
9595500,203.0770667
9695500,202.308267
9795500,201.5235774
9895500,200.498283
9995500,199.7563461
10096000,198.67562
10195000,197.9240373
10295000,197.1565114
10395000,196.3654489
10495000,195.2714229
10588000,194.6292302
10681000,193.9485622
10781000,193.2217232
10881000,192.2589167
10981000,191.560554
11081000,190.777797
11181000,189.7732696
11277000,189.1332155
11373000,188.4162174
11473000,187.6678683
11573000,186.6049612
11648000,186.1226425
11723000,185.5403246
11823000,184.5430544
11923000,183.8978583
12023000,183.2058739
12123000,182.490059
12223000,181.7580475
12323000,180.7241456
12416000,179.9128688
12510000,179.3250391
12610000,178.6359974
12710000,177.8686955
12810000,177.1237999
12910000,176.1370852
13010000,175.2189875
13110000,174.3308144
13210000,173.7146351
13310000,173.0354032
13410000,172.2772887
13510000,171.4948329
13610000,170.7428202
13710000,169.9978159
13810000,169.244135
13910000,168.1828508
13998000,167.4035197
14086000,166.8519378
14186000,166.023726
14286000,165.4552272
14386000,164.8941601
14486000,164.3484558
14586000,163.8260701
14686000,163.3270571
14786000,162.83561
14886000,162.3358753
14986000,161.8516585
15086000,161.3909389
15186000,160.9458133
15286000,160.508356
15386000,160.0626595
15486000,159.4891976
15585000,159.1305418
15684000,158.7557469
15784000,158.2051478
15880000,157.8697859
15976000,157.5182802
16076000,157.1346159
16176000,156.7587389
16276000,156.3906621
16376000,156.0223901
16476000,155.6539229
16576000,155.2852604
16676000,154.8041026
16774000,154.4751202
16871000,154.1299231
16971000,153.7765211
17071000,153.4229402
17171000,153.0691802
17271000,152.7152411
17371000,152.3611227
17471000,152.0068252
17571000,151.6523483
17671000,151.281567
17771000,150.9105897
17871000,150.5474872
17971000,150.1922721
18071000,149.8368773
18171000,149.4893861
18271000,149.0204052
18362000,148.6239536
18454000,148.3406373
18554000,148.024808
18654000,147.6926297
18754000,147.3521875
18854000,147.0115812
18954000,146.6626951
19054000,146.3217565
19154000,145.9725301
19254000,145.615004
19354000,145.1353107
19439000,144.8505936
19524000,144.5576225
19624000,144.2238137
19724000,143.8572577
19824000,143.3682224
19908000,143.0991097
19992000,142.8625328
20092000,142.6340391
20192000,142.4789481
20292000,142.3891431
20392000,142.348319
20492000,142.348319
20592000,142.3809785
20692000,142.446293
20792000,142.5279278
20892000,142.6340391
20992000,142.7564555
21092000,142.8951687
21192000,143.0420121
21292000,143.2051359
21392000,143.384529
21492000,143.572028
21592000,143.7594776
21692000,143.9550245
21792000,144.1668063
21892000,144.3948085
21992000,144.6390155
22092000,144.8912744
22192000,145.1353107
22292000,145.3873934
22392000,145.6475138
22492000,145.9075388
22592000,146.1674684
22692000,146.435421
22792000,146.7032721
22892000,146.9791339
22992000,147.2548882
23092000,147.5305348
23192000,147.8141765
23292000,148.0977042
23392000,148.3811181
23492000,148.6725107
23592000,148.9637829
23692000,149.2549347
23792000,149.5459662
23892000,149.8449565
23992000,150.135744
24092000,150.4344837
24192000,150.7330964
24292000,151.0638432
24392000,151.37025
24492000,151.6765229
24592000,151.982662
24692000,152.3047692
24792000,152.6106338
24892000,152.9324522
24992000,153.2621624
25092000,153.5676086
25192000,153.8729212
25292000,154.1781004
25392000,154.4831461
25492000,154.8201466
25592000,155.2131079
25692000,155.6859713
25792000,156.2385734
25892000,156.8627253
25992000,157.5422521
26092000,158.2690078
26192000,159.082707
26292000,159.9352647
26392000,160.8265343
26492000,161.6928245
26592000,162.5659571
26692000,163.5013569
26792000,164.4196593
26892000,165.3367303
26992000,166.2604607
27092000,167.1986986
27192000,168.5446601
27271000,169.2755551
27350000,170.052739
27450000,170.9935842
27550000,171.972239
27650000,173.2696986
27743000,174.081291
27835000,174.946428
27935000,175.8882341
28035000,177.1936693
28129000,178.1090569
28223000,179.0696351
28323000,180.3688514
28423000,181.3030212
28523000,182.6132653
28623000,183.4981338
28723000,184.7963511
28823000,185.6782887
28923000,186.9951495
29023000,187.9352344
29123000,189.2018228
29223000,190.1387321
29323000,191.4845996
29423000,192.4106349
29523000,193.6760936
29623000,194.6065528
29723000,195.9205185
29823000,196.8176042
29923000,198.1270518
30023000,199.0285584
30123000,200.3409748
30223000,201.2468362
30323000,202.5994758
30423000,203.8449328
30523000,204.7532373
30623000,206.217166
30723000,207.6554749
30823000,209.2086924
30923000,210.8096332
31023000,212.5019965
31123000,214.2703544
31223000,216.0482739
31323000,217.8574921
31423000,219.7049596
31523000,221.5758116
31623000,223.4697926
31723000,225.3938386
31823000,227.3332756
31923000,229.2879082
32023000,231.2646647
32123000,233.2632754
32223000,235.3117725
32323000,237.3602253
32423000,239.3734419
32523000,241.4147551
32623000,243.4838128
32723000,245.5176845
32823000,247.5721101
32923000,249.6330027
33023000,251.7002307
33123000,253.7736619
33223000,255.8736473
33323000,257.9998237
33423000,260.0976168
33523000,262.2145311
33623000,264.390622
33723000,266.5447511
33823000,268.6570837
33923000,270.7679048
34023000,272.9036373
34123000,275.0968748
34223000,277.2680475
34323000,279.4434969
34423000,281.6165741
34523000,283.7483085
34623000,285.8972565
34723000,288.0952856
34823000,290.2840443
34923000,292.4571808
35023000,294.6020991
35123000,296.7696624
35223000,299.0224588
35323000,301.2965787
35423000,303.691444
35523000,306.0934752
35623000,308.5703878
35723000,311.133207
35823000,313.7009809
35923000,316.2673864
36023000,318.9048404
36123000,321.5638962
36223000,324.1961702
36323000,326.8970478
36423000,329.6001344
36523000,332.2816761
36623000,334.947678
36723000,337.6620878
36823000,340.3949611
36923000,343.1285218
37023000,345.8169027
37123000,348.5230383
37223000,351.2745292
37323000,354.0199077
37423000,356.7534729
37523000,359.541493
37623000,362.3332407
37723000,365.0901972
37823000,367.834432
37923000,370.614337
38023000,373.3647854
38123000,376.1656826
38223000,378.9524472
38323000,381.7407568
38423000,384.5250645
38523000,387.2844959
38623000,390.0755951
38723000,392.8363319
38823000,395.6477824
38923000,398.4383425
39023000,401.2230317
39123000,403.9769452
39223000,406.7640732
39323000,409.5298323
39423000,412.3080824
39523000,414.9833279
39623000,417.5005384
39723000,419.867519
39823000,422.1245694
39923000,424.2782756
40023000,426.4507111
40123000,428.3837952
40223000,430.3148329
40323000,432.1982384
40423000,434.0301597
40523000,435.860786
40623000,437.7615246
40723000,439.5354768
40823000,441.2288304
40923000,442.9439033
41023000,444.7020845
41123000,446.3329518
41223000,448.0028127
41323000,449.6765089
41423000,451.3410265
41523000,453.0687198
41623000,454.6722775
41723000,456.2840515
41823000,457.8745037
41923000,459.464682
42023000,461.0751783
42123000,462.6684962
42223000,464.2611799
42323000,465.8490543
42423000,467.4280366
42523000,469.0424308
42623000,470.6354907
42723000,472.155736
42823000,473.7743997
42923000,475.2812135
43023000,476.8109369
43123000,478.3436237
43223000,479.8752393
43323000,481.4018394
43423000,482.9845268
43523000,484.4588566
43623000,485.868119
43723000,487.1080342
43823000,488.1847352
43923000,489.1375451
44023000,489.9864167
44123000,490.7434961
44223000,491.4169906
44323000,491.9116936
44423000,492.5047689
44523000,492.9569041
44623000,493.4998364
44723000,493.9428285
44823000,494.27546
44923000,494.6149343
45023000,494.9430081
45123000,495.2597258
45223000,495.5578636
45323000,495.8447474
45423000,496.1167911
45523000,496.3776651
45623000,496.6310225
45723000,496.8624307
45823000,497.1333291
45923000,497.3137586
46023000,497.497657
46123000,497.6814144
46223000,497.8470356
46323000,498.0053487
46423000,498.156368
46523000,498.2965148
46623000,498.4293985
46723000,498.5550313
46823000,498.6770111
46923000,498.7881736
47023000,498.8921174
47123000,498.9924338
47223000,499.0891274
47323000,499.1750443
47423000,499.2609301
47523000,499.3396315
47623000,499.4147312
47723000,499.4290332
47757000,499.4290332
47768000,499.4290332
47779000,499.4290332
47801000,499.4218823
47845000,499.3789724
47860000,499.3646673
47868000,499.353938
47875000,499.3432082
47889000,499.3217471
47919000,499.2752414
47934000,499.2430398
47950000,499.2108338
47968000,499.171465
48006000,499.0783856
48036000,498.9924338
48066000,498.9028676
48104000,498.7774182
48150000,498.616029
48205000,498.4006732
48269000,498.0988481
48329000,497.8398371
48389000,497.5589251
48486000,497.1116685
48583000,496.5369494
48681000,495.9681118
48781000,495.4306545
48881000,494.7061103
48981000,493.9940321
49081000,493.2725379
49181000,492.5305224
49281000,491.7788854
49381000,490.9805376
49481000,490.2130393
49581000,489.3910186
49681000,488.5662923
49781000,487.7576048
49881000,486.8974113
49981000,486.0418445
50081000,485.1833977
50181000,484.3106621
50281000,483.4692792
50381000,482.5792346
50481000,481.7206831
50581000,480.840036
50681000,479.9023018
50781000,478.9806127
50881000,478.0595929
50981000,477.1470882
51081000,476.2118539
51181000,475.3205461
51281000,474.4104943
51381000,473.4934113
51481000,472.5096472
51581000,471.5741694
51681000,470.6234868
51781000,469.6654981
51881000,468.7122415
51981000,467.7516636
52081000,466.7309693
52181000,465.5924965
52281000,464.3225742
52381000,462.9647183
52481000,461.5260005
52581000,460.0302062
52681000,458.4556526
52781000,456.83476
52881000,455.1837638
52981000,453.4937813
53081000,451.7728144
53181000,450.0247553
53281000,448.2579111
53381000,446.4677446
53481000,444.6758507
53581000,442.8427586
53681000,440.998855
53781000,439.1485476
53881000,437.3232037
53981000,435.4243621
54081000,433.5278614
54181000,431.6293411
54281000,429.7197538
54381000,427.8036647
54481000,425.8811109
54581000,423.9521297
54681000,422.0167588
54781000,420.079751
54881000,418.1412248
54981000,416.2060669
55081000,414.2552978
55181000,412.3321878
55281000,410.3646203
55381000,408.4104884
55481000,406.4554496
55581000,404.4897697
55681000,402.5233188
55781000,400.6209621
55881000,398.6737041
55981000,396.7514118
56081000,394.7534314
56181000,392.8109082
56281000,390.8839411
56381000,388.9934286
56481000,387.0884118
56581000,385.0961588
56681000,383.1249529
56781000,381.180473
56881000,379.3790524
56981000,377.4001781
57081000,375.5656084
57181000,373.5303969
57281000,371.5922569
57381000,369.8012067
57481000,367.9427408
57581000,366.0541065
57681000,364.0366052
57781000,362.1960133
57881000,360.3252659
57981000,358.4572791
58081000,356.4141201
58181000,354.6294926
58281000,352.6353589
58381000,350.8350044
58481000,348.9479095
58581000,347.0526456
58681000,345.0577998
58781000,343.1629443
58881000,341.3809673
58981000,339.4472802
59081000,337.5517311
59181000,335.683216
59281000,333.5140658
59381000,331.2109275
59481000,329.0560385
59581000,326.9148826
59681000,324.7101161
59781000,322.5909674
59881000,320.7273835
59981000,318.7959919
60081000,316.7595978
60181000,314.7816296
60281000,312.9853286
60381000,310.9549834
60481000,309.0210835
60581000,307.1229037
60681000,305.3728422
60781000,303.5791484
60881000,301.7789749
60981000,299.9723061
61081000,297.9951156
61181000,296.2254714
61281000,294.3098506
61381000,292.5528432
61481000,290.7642018
61581000,288.9821741
61681000,287.0779981
61781000,285.2767807
61881000,283.6445217
61981000,282.0527219
62081000,280.4887322
62181000,278.8022715
62281000,277.3271379
62381000,275.874246
62481000,274.4636048
62581000,273.1683569
62681000,271.8567234
62781000,270.5219538
62881000,269.1838914
62981000,267.8558939
63081000,266.5380535
63181000,265.2438891
63281000,263.8861023
63381000,262.6733685
63481000,261.3498041
63581000,260.0501813
63681000,258.8629786
63781000,257.6392148
63881000,256.317266
63981000,255.1426192
64081000,253.9381123
64181000,252.7378956
64281000,251.5144877
64381000,250.2884378
64481000,249.0666523
64581000,247.8630214
64681000,246.6776726
64781000,245.496825
64881000,244.3205182
64981000,243.1418097
65081000,241.9676922
65181000,240.7911951
65281000,239.6193392
65381000,238.4451255
65481000,237.176862
65581000,235.9765356
65681000,234.872901
65781000,233.7813866
65881000,232.6523157
65981000,231.4926042
66081000,230.20217
66181000,229.3879738
66281000,228.1502719
66381000,226.9458885
66481000,225.6815575
66581000,224.5442671
66681000,223.3976118
66781000,222.1475205
66881000,221.0397985
66981000,220.1986103
67081000,218.832836
67181000,217.6680662
67281000,216.5594806
67381000,215.456204
67481000,214.5999858
67581000,213.4418368
67681000,212.6709792
67781000,211.5975239
67881000,210.6032913
67981000,209.8731763
68081000,208.84662
68181000,208.1144453
68281000,207.0479323
68381000,206.0761233
68481000,205.11768
68581000,204.4332464
68681000,203.6735484
68781000,202.6666588
68881000,201.7927233
68981000,201.1196444
69081000,200.3559582
69181000,199.5913538
69281000,198.7882811
69381000,197.7134356
69475000,197.0134391
69570000,196.2900587
69670000,195.5281205
69770000,194.5082751
69870000,193.8501841
69970000,193.1156574
70070000,192.3499519
70170000,191.5757438
70270000,190.5115964
70352000,189.9940944
70434000,189.308531
70534000,188.3017298
70634000,187.4768254
70734000,186.5054642
70834000,185.9388085
70934000,185.2796464
71034000,184.581439
71134000,183.4981338
71218000,182.9673553
71302000,182.3822346
71402000,181.4958672
71502000,180.8245203
71602000,179.8819434
71702000,179.2940863
71802000,178.3183333
71901000,177.6825497
72000000,176.9918045
72100000,176.2303805
72200000,175.4758706
72300000,174.6815497
72400000,173.9096898
72500000,173.1525611
72600000,172.0974043
72690000,171.4713451
72779000,170.6174033
72869000,170.0370472
72969000,169.1420095
73069000,168.5132061
73169000,167.789361
73269000,167.0647438
73369000,166.3709088
73469000,165.715848
73569000,165.0996748
73669000,164.3088951
73759000,163.8419058
73850000,163.3745978
73950000,162.8990423
74050000,162.4310909
74150000,161.8198946
74250000,161.4227226
74350000,161.0094203
74450000,160.5958697
74550000,160.1741106
74650000,159.7600584
74750000,159.2182304
74850000,158.8594339
74950000,158.4765123
75050000,158.0853943
75150000,157.6700886
75250000,157.2545338
75350000,156.6947396
75437000,156.4066695
75525000,156.0784441
75625000,155.7340411
75725000,155.3734366
75825000,154.9885857
75925000,154.6195707
76025000,154.2583885
76125000,153.8970192
76225000,153.5434993
76325000,153.1898003
76425000,152.8278775
76525000,152.4496691
76625000,152.0873631
76725000,151.7087543
76825000,151.1848092
76907000,150.9347898
76989000,150.6604725
77089000,150.216497
77189000,149.8287981
77263000,149.6348685
77338000,149.3681279
77438000,149.0365821
77538000,148.6886956
77638000,148.3244444
77738000,147.9681057
77838000,147.6034822
77938000,147.2386703
78038000,146.8817832
78138000,146.4273027
78238000,146.1349824
78338000,145.712529
78438000,145.4280435
78538000,145.1109108
78638000,144.7854993
78738000,144.4517977
78838000,144.1179392
78938000,143.7757752
79038000,143.4252939
79138000,143.1154225
79238000,142.8380548
79338000,142.5605791
79371000,142.5116016
79404000,142.4544569
79447000,142.3973077
79519000,142.356484
79602000,142.3401539
79702000,142.356484
79802000,142.4054721
79902000,142.4789481
80002000,142.5687417
80102000,142.6830082
80202000,142.8054162
80302000,142.9441199
80402000,143.0991097
80502000,143.2622205
80602000,143.4415991
80702000,143.6209326
80802000,143.8083693
80902000,144.0120489
81002000,144.2319573
81102000,144.4599386
81202000,144.695985
81302000,144.9400884
81402000,145.1841079
81502000,145.4443029
81602000,145.712529
81702000,145.9806536
81802000,146.2486769
81902000,146.5165987
82002000,146.7844191
82102000,147.0602493
82202000,147.3359719
82302000,147.6115869
82402000,147.895196
82502000,148.1786912
82602000,148.4620725
82702000,148.7534317
82802000,149.0446705
82902000,149.3357888
83002000,149.6267869
83102000,149.9257429
83202000,150.216497
83302000,150.5152023
83402000,150.8137807
83502000,151.1202966
83602000,151.4186177
83702000,151.7248695
83802000,152.0229335
83902000,152.3289213
84002000,152.6347754
84102000,152.9485392
84202000,153.2541225
84302000,153.5595722
84402000,153.8729212
84502000,154.1941587
84602000,154.5232737
84702000,154.8843187
84802000,155.3173258
84902000,155.8381809
85002000,156.4386832
85102000,157.1266207
85202000,157.8378382
85302000,158.5802411
85402000,159.3457576
85502000,160.1820708
85602000,161.0332714
85702000,161.9231218
85802000,162.8276805
85902000,163.7231289
86002000,164.6253168
86102000,165.5421118
86202000,166.4734516
86302000,167.4192726
86402000,168.371645
86502000,169.3462451
86602000,170.3194448
86702000,171.3147395
86802000,172.691622
86886000,173.5273294
86969000,174.3931807
87069000,175.3591178
87169000,176.6500481
87266000,177.5584235
87363000,178.4965538
87463000,179.7891585
87563000,180.7318673
87663000,182.0663618
87763000,182.9904415
87863000,184.3203797
87962000,185.2489716
88062000,186.2145401
88162000,187.5150384
88262000,188.4849004
88362000,189.8341943
88462000,190.7701928
88562000,192.1071628
88662000,193.0550406
88762000,194.3797354
88862000,195.3242808
88962000,196.6593862
89062000,197.5930606
89162000,198.8859047
89262000,199.7638448
89362000,201.0223629
89462000,201.9720904
89562000,203.3157269
89662000,204.2322389
89762000,205.6602343
89862000,207.0553449
89962000,208.55829
90062000,210.1166431
90162000,211.7593963
90262000,213.4638472
90362000,215.214827
90462000,217.0119087
90562000,218.8473816
90662000,220.7208639
90762000,222.6464209
90862000,224.5586766
90962000,226.5008024
91062000,228.4939373
91162000,230.4875897
91262000,232.4603728
91362000,234.4549617
91462000,236.4852085
91562000,238.5084666
91662000,240.5528046
91762000,242.5969795
91862000,244.6966405
91962000,246.7817486
92062000,248.8247462
92162000,250.8880172
92262000,252.9987307
92362000,255.1152726
92462000,257.2034526
92562000,259.3449487
92662000,261.4782473
92762000,263.5764348
92862000,265.7069203
92962000,267.8091215
93062000,269.943197
93162000,272.0556607
93262000,274.1995217
93362000,276.3151329
93462000,278.4355092
93562000,280.573567
93662000,282.7550071
93762000,284.9533241
93862000,287.1488864
93962000,289.3223876
94062000,291.480405
94162000,293.6803133
94262000,295.8708009
94362000,298.0645113
94462000,300.3241123
94562000,302.6298653
94662000,304.9996896
94762000,307.4511253
94862000,309.982829
94962000,312.5566559
95062000,315.1656855
95162000,317.7788761
95262000,320.4261192
95362000,323.0946782
95462000,325.7780415
95562000,328.469831
95662000,331.1520231
95762000,333.8304317
95862000,336.4932674
95962000,339.1926845
96062000,341.8875415
96162000,344.6291598
96262000,347.3709854
96362000,350.1184174
96462000,352.8711015
96562000,355.6398343
96662000,358.4018877
96762000,361.1736334
96862000,363.921805
96962000,366.6357253
97062000,369.3805464
97162000,372.1768134
97262000,374.9699601
97362000,377.770314
97462000,380.5564184
97562000,383.3438878
97662000,386.1427194
97762000,388.9369286
97862000,391.7211779
97962000,394.5155909
98062000,397.2944718
98162000,400.0627976
98262000,402.8154969
98362000,405.6115135
98462000,408.4007396
98562000,411.197455
98662000,413.9051136
98762000,416.4920269
98862000,418.9037527
98962000,421.1530442
99062000,423.3082331
99162000,425.3987415
99262000,427.4025071
99362000,429.3805366
99462000,431.3103264
99562000,433.192564
99662000,435.1270759
99762000,436.8842815
99862000,438.7388676
99962000,440.5295387
100060000,442.2836749
100160000,444.0324286
100260000,445.6755357
100360000,447.3489631
100460000,449.0176184
100560000,450.6771763
100660000,452.3234057
100760000,453.9606507
100860000,455.5973792
100960000,457.2880047
101060000,458.8688601
101160000,460.4660704
101260000,462.1163768
101360000,463.6465063
101460000,465.2174212
101560000,466.7796581
101660000,468.3372836
101760000,469.8942742
101860000,471.4425483
101960000,473.0019733
102060000,474.5564666
102160000,476.1020727
102260000,477.627128
102360000,479.1473748
102460000,480.6743433
102560000,482.2691031
102660000,483.7665514
102760000,485.217488
102860000,486.5510084
102960000,487.7576048
103060000,488.7493839
103160000,489.6702879
103260000,490.4468762
103360000,491.1803656
103460000,491.8047148
103560000,492.2691829
103660000,492.7291023
103760000,493.2725379
103860000,493.6756648
103960000,494.0635055
104060000,494.4288295
104160000,494.789962
104260000,495.1396401
104360000,495.4561016
104460000,495.7539981
104560000,496.0297704
104660000,496.294361
104760000,496.5405683
104860000,496.7756787
104960000,496.9961121
105060000,497.2055172
105160000,497.4003166
105260000,497.5877518
105360000,497.7606389
105460000,497.9262053
105560000,498.0808703
105660000,498.2282484
105760000,498.368353
105860000,498.4976074
105960000,498.6196166
106060000,498.7379776
106160000,498.8455275
106260000,498.9494462
106360000,499.0461573
106460000,499.1392494
106560000,499.2251481
106660000,499.3074386
106760000,499.3825485
106860000,499.4218823
106900000,499.4326085
106910000,499.4361838
106920000,499.4397591
106940000,499.4397591
106980000,499.4218823
107000000,499.4111555
107000000,499.4075798
107010000,499.4040041
107020000,499.3968524
107040000,499.3789724
107080000,499.3217471
107090000,499.2967067
107100000,499.2716636
107120000,499.246618
107140000,499.1929397
107160000,499.1428291
107190000,499.0855469
107210000,499.010343
107250000,498.9136173
107280000,498.7953436
107330000,498.6339665
107380000,498.4258081
107450000,498.1312048
107510000,497.86863
107570000,497.5733389
107660000,497.1080582
107760000,496.5405683
107840000,496.0152639
107930000,495.4960846
108030000,494.8519208
108130000,494.1695058
108230000,493.4668545
108330000,492.7438056
108430000,492.0038795
108530000,491.2469392
108630000,490.4394562
108730000,489.6665664
108830000,488.8726154
108930000,488.0611665
109030000,487.2320694
109130000,486.3964811
109230000,485.5127467
109330000,484.6297442
109430000,483.7589333
109530000,482.9119266
109630000,482.0046251
109730000,481.1441753
109830000,480.253862
109930000,479.3062825
110030000,478.3708435
110130000,477.4516039
110230000,476.537013
110330000,475.654642
110430000,474.7141859
110530000,473.7585771
110630000,472.8591315
110730000,471.9288329
110830000,470.9593972
110930000,470.0105964
111030000,469.1108356
111130000,468.1274095
111230000,467.1648137
111330000,466.0280993
111430000,464.7887376
111530000,463.4577403
111630000,462.0421304
111730000,460.5614578
111830000,459.0273095
111930000,457.4221651
112030000,455.778681
112130000,454.1132855
112230000,452.4001522
112330000,450.6686009
112430000,448.9098207
112530000,447.127811
112630000,445.317941
112730000,443.4974193
112830000,441.6617893
112930000,439.8064906
113030000,437.9447255
113130000,436.0720365
113230000,434.1838615
113330000,432.2891702
113430000,430.3925716
113530000,428.4757863
113630000,426.5571142
113730000,424.6366723
113830000,422.7052207
113930000,420.7721281
114030000,418.8327809
114130000,416.8967349
114230000,414.9498334
114330000,413.0112832
114430000,411.057172
114530000,409.10684
114630000,407.1604874
114730000,405.1937248
114830000,403.2459105
114930000,401.2926291
115030000,399.3439172
115130000,397.4049984
115230000,395.4660527
115330000,393.5373523
115430000,391.6803797
115530000,389.6861617
115630000,387.7742715
115730000,385.8269756
115830000,383.8906904
115930000,382.0702715
116030000,379.9997078
116130000,378.166508
116230000,376.149763
116330000,374.1921665
116430000,372.2679072
116530000,370.3345009
116630000,368.435187
116730000,366.6520206
116830000,364.8011339
116930000,362.7939964
117030000,360.848811
117130000,359.0107955
117230000,357.0203153
117330000,355.1824049
117430000,353.2076538
117530000,351.2914251
117630000,349.5024537
117730000,347.6493439
117830000,345.7655759
117930000,343.7820937
118030000,341.8702814
118130000,340.0889167
118230000,338.2424694
118330000,336.376802
118430000,334.2402106
118530000,331.9407186
118630000,329.7774191
118730000,327.4614859
118830000,325.4382395
118930000,323.2984086
119030000,321.4135529
119130000,319.3339458
119230000,317.3605058
119330000,315.5007227
119430000,313.4747776
119530000,311.6736254
119630000,309.6747826
119730000,307.9399561
119830000,306.1369281
119930000,304.3148473
120030000,302.4985723
120130000,300.474811
120230000,298.7390453
120330000,296.7949594
120430000,295.0274662
120530000,293.2092435
120630000,291.2439123
120730000,289.3737211
120830000,287.5675748
120930000,285.8843374
121030000,284.2021342
121130000,282.469004
121230000,280.8671209
121330000,279.4565751
121430000,277.8980076
121530000,276.4203655
121630000,275.0968748
121730000,273.7502825
121830000,272.2744071
121930000,270.8875163
122030000,269.6435978
122130000,268.189866
122230000,266.9732251
122330000,265.7270432
122430000,264.4645794
122530000,263.1992136
122630000,261.9444489
122730000,260.6056005
122830000,259.2770908
122930000,258.1222418
123030000,256.8150662
123130000,255.5526585
123230000,254.390104
123330000,253.2045682
123430000,252.0096673
123530000,250.7915759
123630000,249.5777738
123730000,248.2783528
123830000,247.0175845
123930000,245.886078
124030000,244.7244916
124130000,243.4489238
124230000,242.2194891
124330000,241.0925491
124430000,239.942361
124530000,238.7054841
124630000,237.6422107
124730000,236.5205166
124830000,235.2551623
124930000,234.1430855
125030000,233.0076015
125130000,231.8557023
125230000,230.7015647
125330000,229.4522929
125430000,228.3221292
125530000,227.0750453
125630000,226.2062902
125730000,224.9404028
125830000,223.7584297
125930000,222.5958266
126030000,221.4889226
126130000,220.3582353
126230000,219.2036407
126330000,218.352637
126430000,216.938959
126510000,216.0774972
126590000,215.4123243
126690000,214.2483727
126790000,213.4418368
126890000,212.2594626
126990000,211.5018522
127090000,210.6769927
127190000,209.555789
127290000,208.8244455
127390000,208.0404406
127490000,207.2406315
127590000,206.4249607
127690000,205.3481369
127790000,204.5895413
127890000,203.5766585
127990000,202.6442652
128090000,201.9421994
128190000,200.9699743
128290000,200.3859239
128390000,199.3662953
128490000,198.4352098
128590000,197.7886585
128690000,197.0586233
128790000,195.9356059
128870000,195.309179
128950000,194.6519067
129050000,193.9334281
129150000,193.1989963
129250000,192.4485589
129350000,191.6972495
129450000,190.6941457
129550000,190.0854483
129650000,189.2780447
129750000,188.4925313
129850000,187.4921109
129950000,186.8268615
130050000,185.8851806
130150000,185.1952872
130250000,184.2435778
130350000,183.5980877
130450000,182.8903954
130550000,182.1665329
130650000,181.4264491
130750000,180.6314785
130850000,179.8510165
130950000,179.077376
131050000,178.3105835
131150000,177.2402447
131240000,176.6112011
131320000,175.9193456
131420000,175.1411247
131520000,174.1280837
131620000,173.4570762
131720000,172.5118483
131820000,171.690532
131920000,170.8838864
132020000,170.1076576
132120000,169.5033075
132220000,168.8355407
132320000,168.0963026
132420000,167.112025
132510000,166.5286606
132600000,165.7395358
132700000,165.2340163
132800000,164.5304056
132900000,164.0714828
133000000,163.5884902
133100000,163.1130831
133200000,162.4866273
133300000,162.0819025
133400000,161.6531103
133500000,161.2161025
133600000,160.7867701
133700000,160.2218699
133800000,159.6883703
133900000,159.3776357
134000000,159.0109485
134100000,158.6281108
134200000,158.245061
134300000,157.733998
134400000,157.3984079
134500000,157.0226739
134600000,156.6307343
134700000,156.2545843
134800000,155.8862402
134900000,155.5016729
135000000,155.116893
135100000,154.7399231
135200000,154.2262744
135270000,154.0094652
135350000,153.7283161
135450000,153.3666722
135550000,153.0128837
135650000,152.5462524
135740000,152.2484111
135840000,151.902112
135940000,151.5556416
136040000,151.2089999
136140000,150.8621869
136240000,150.5152023
136340000,150.1680463
136440000,149.8207188
136540000,149.3519586
136630000,149.0689349
136720000,148.7615233
136820000,148.4296919
136920000,148.089605
137020000,147.7412509
137120000,147.3927249
137220000,147.0440269
137320000,146.6789262
137420000,146.3136369
137520000,145.9562829
137620000,145.5987485
137720000,145.2410337
137820000,144.7366747
137900000,144.4925014
137980000,144.2238137
138080000,143.8817007
138180000,143.5475744
138280000,143.2214463
138380000,142.9359616
138480000,142.6258772
138550000,142.5116016
138610000,142.429965
138690000,142.3728137
138770000,142.356484
138870000,142.3646489
138970000,142.4054721
139070000,142.4707845
139170000,142.5605791
139270000,142.6666855
139370000,142.7890963
139470000,142.9278032
139570000,143.0746399
139670000,143.2377562
139770000,143.4171411
139870000,143.6046315
139970000,143.7920725
140070000,143.9876104
140170000,144.1993826
140270000,144.4273743
140370000,144.6634315
140470000,144.8994103
140570000,145.1515768
140670000,145.4036537
140770000,145.6637681
140870000,145.9237872
140970000,146.1837109
141070000,146.4516572
141170000,146.7276172
141270000,147.0034695
141370000,147.2792142
141470000,147.5548515
141570000,147.8384833
141670000,148.1220013
141770000,148.413501
141870000,148.696788
141970000,148.9880501
142070000,149.2791919
142170000,149.5782956
142270000,149.8691934
142370000,150.1680463
142470000,150.4667723
142570000,150.7653712
142670000,151.0880381
142770000,151.3944343
142870000,151.7006966
142970000,152.0229335
143070000,152.3369718
143170000,152.658916
143270000,152.9807122
143370000,153.2943209
143470000,153.5917171
143570000,153.8970192
143670000,154.2021878
143770000,154.5072229
143870000,154.8522334
143970000,155.2451766
144070000,155.7340411
144170000,156.3026148
144270000,156.966696
144370000,157.6541103
144470000,158.3807487
144570000,159.146486
144670000,159.9432276
144770000,160.7708637
144870000,161.6213373
144970000,162.4945607
145070000,163.390444
145170000,164.3009827
145270000,165.2498195
145370000,166.2525709
145470000,167.2617271
145570000,168.245788
145670000,169.2362798
145770000,170.5938851
145850000,171.4008771
145940000,172.2538282
146040000,173.1916092
146140000,174.1514788
146240000,175.1255511
146340000,176.4091601
146430000,177.333386
146530000,178.2873335
146630000,179.5648746
146730000,180.5387985
146830000,181.8968067
146930000,182.7672408
147030000,183.7057134
147130000,185.0802343
147220000,185.9464693
147310000,186.9110109
147410000,188.2101253
147510000,189.1484622
147610000,190.4431272
147710000,191.3706513
147810000,192.7139647
147910000,193.6760936
148010000,195.0297315
148110000,195.973323
148210000,197.3070793
148310000,198.2773913
148410000,199.5688515
148510000,200.498283
148610000,201.7777737
148710000,202.7039796
148810000,204.0460637
148910000,205.3109722
149010000,206.6401042
149110000,208.062643
149210000,209.6296144
149310000,211.281015
149410000,212.9647524
149510000,214.7244675
149610000,216.5375805
149710000,218.4035851
149810000,220.2566606
149910000,222.1185861
150010000,224.003663
150110000,225.9116336
150210000,227.8422374
150310000,229.7880687
150410000,231.7560504
150510000,233.7813866
150610000,235.82102
150710000,237.8677014
150810000,239.893217
150910000,241.9467042
151010000,243.9929529
151110000,246.0597666
151210000,248.1191781
151310000,250.2056876
151410000,252.2777092
151510000,254.3421827
151610000,256.4127687
151710000,258.4961309
151810000,260.5852901
151910000,262.686858
152010000,264.7939053
152110000,266.9062981
152210000,269.0572373
152310000,271.1930702
152410000,273.3601973
152510000,275.5515762
152610000,277.727467
152710000,279.8749063
152810000,282.0527219
152910000,284.2345353
153010000,286.4137568
153110000,288.5967569
153210000,290.7450041
153310000,292.8843348
153410000,295.0655414
153510000,297.2879992
153610000,299.5510717
153710000,301.8854154
153810000,304.3023869
153910000,306.7820655
154010000,309.292536
154110000,311.8454512
154210000,314.4216814
154310000,317.0146203
154410000,319.5876013
154510000,322.1707981
154610000,324.8176152
154710000,327.5030491
154810000,330.1613033
154910000,332.8454646
155010000,335.5665432
155110000,338.2540694
155210000,340.966071
155310000,343.661771
155410000,346.3924947
155510000,349.1064224
155610000,351.8654961
155710000,354.6350811
155810000,357.4091618
155910000,360.1487677
156010000,362.9036256
156110000,365.694944
156210000,368.4784509
156310000,371.2701245
156410000,374.0641665
156510000,376.8602232
156610000,379.6053358
156710000,382.3733905
156810000,385.1687835
156910000,387.9700079
157010000,390.7203634
157110000,393.5119756
157210000,396.3032968
157310000,399.0989796
157410000,401.8886392
157510000,404.6868177
157610000,407.4880562
157710000,410.287048
157810000,413.0353406
157910000,415.676421
158010000,418.1175168
158110000,420.4425993
158210000,422.6537514
158310000,424.8831396
158410000,426.8668781
158510000,428.8389018
158610000,430.8586182
158710000,432.6844292
158810000,434.5136221
158910000,436.328048
159010000,438.0921036
159110000,439.8286946
159210000,441.6573744
159310000,443.3174147
159410000,445.0123497
159510000,446.7024042
159610000,448.4350575
159710000,450.0591284
159810000,451.7129996
159910000,453.3578274
160010000,454.9767393
160110000,456.6793208
160210000,458.2592783
160310000,459.9387991
160410000,461.5549283
160510000,463.0962741
160610000,464.6620497
160710000,466.2314214
160810000,467.8001754
160910000,469.3601691
161010000,470.9234264
161110000,472.541437
161210000,474.1459655
161310000,475.6467857
161410000,477.1822424
161510000,478.7205645
161610000,480.3079065
161710000,481.7897785
161810000,483.3128836
161910000,484.7929307
162010000,486.2229972
162110000,487.4048657
162210000,488.4915227
162310000,489.3872929
162410000,490.2501709
162510000,490.9546222
162610000,491.6053896
162710000,492.0665463
162810000,492.5415589
162910000,493.1257819
163010000,493.6024183
163110000,493.9794036
163210000,494.3448534
163310000,494.7680904
163410000,495.1323603
163510000,495.4052046
163610000,495.7431059
163710000,495.9898754
163810000,496.2400167
163910000,496.4935187
164010000,496.7250589
164110000,496.9455386
164210000,497.1694259
164310000,497.367861
164410000,497.5553216
164510000,497.7678398
164610000,497.9190091
164710000,498.0664871
164810000,498.2102804
164910000,498.3468038
165010000,498.4760698
165110000,498.5980901
165210000,498.7128757
165310000,498.8240214
165410000,498.9279495
165510000,499.0246694
165610000,499.1177698
165710000,499.2036763
165810000,499.2859743
165910000,499.3646673
166010000,499.4254577
166110000,499.4254577
166150000,499.4183067
166160000,499.4147312
166170000,499.4111555
166170000,499.4075798
166180000,499.4075798
166190000,499.4040041
166200000,499.3932765
166230000,499.3610909
166240000,499.3503614
166250000,499.3396315
166260000,499.328901
166270000,499.300284
166310000,499.2394616
166320000,499.2000975
166340000,499.153568
166370000,499.0927079
166410000,498.9637763
166450000,498.8455275
166490000,498.7164618
166540000,498.547854
166590000,498.3180685
166660000,497.9909609
166720000,497.7102264
166790000,497.4075283
166890000,496.938313
166990000,496.3088507
167090000,495.8120816
167180000,495.1323603
167280000,494.589399
167380000,493.8330705
167480000,493.0927497
167580000,492.3428277
167680000,491.5426059
167780000,490.7434961
167880000,489.9603977
167980000,489.1375451
168080000,488.3456582
168180000,487.4987273
168280000,486.6414199
168380000,485.7887702
168480000,484.9256803
168580000,484.067286
168680000,483.1869354
168780000,482.3418833
168880000,481.4402749
168980000,480.5316867
169080000,479.631551
169180000,478.7477456
169280000,477.8492924
169380000,476.9047892
169480000,475.9844
169580000,475.0923367
169680000,474.1696652
169780000,473.1843845
169880000,472.2512178
169980000,471.3148554
170080000,470.4113324
170180000,469.4485884
170280000,468.506682
170380000,467.5008853
170480000,466.4427207
170580000,465.2622934
170680000,463.9622046
170780000,462.5820403
170880000,461.1207061
170980000,459.5936853
171080000,458.025128
171180000,456.3934344
171280000,454.7230428
171380000,453.0346887
171480000,451.306799
171580000,449.5517308
171680000,447.7994462
171780000,445.9848264
171880000,444.1726068
171980000,442.3365444
172080000,440.4896589
172180000,438.6319077
172280000,436.7587646
172380000,434.8746182
172480000,432.9930341
172580000,431.0868314
172640000,429.9808053
172700000,428.8756508
172800000,426.9546693
172900000,425.0272161
173000000,423.0980017
173100000,421.1624442
173200000,419.2205817
173300000,417.277206
173400000,415.3324363
173500000,413.3960047
173600000,411.4391921
173700000,409.4909573
173800000,407.5369215
173900000,405.5771256
174000000,403.6511242
174100000,401.6900765
174200000,399.7434676
174300000,397.7815478
174400000,395.8042013
174500000,393.8670939
174600000,391.8894243
174700000,389.9987646
174800000,388.1759391
174900000,386.127197
175000000,384.2963925
175100000,382.2897948
175200000,380.4829354
175300000,378.4779042
175400000,376.6694769
175500000,374.6558267
175600000,372.7926382
175700000,370.7434275
175800000,368.9432502
175900000,366.9506544
176000000,365.0193134
176100000,363.2049581
176200000,361.2176578
176300000,359.3259772
176400000,357.49244
176500000,355.5227342
176600000,353.7343926
176700000,351.8486225
176800000,349.8529249
176900000,348.0466933
177000000,346.1703253
177100000,344.2916717
177200000,342.433768
177300000,340.4122782
177400000,338.6367037
177500000,336.6504482
177550000,335.543205
